flow_name,flow_label,retire_index,total_retire,step,cycle,pc,inst,opcode,regwr,rd,rd_data,memwr,mem_addr,mem_data,illegal,stall,redirect,fwdA,fwdB
pipeline_spike,Pipeline TB,1,490,5,4,0x80000000,0x00010117,AUIPC,1,2,0x80010000,0,0x80010000,0x00000000,0,0,0,0,0
pipeline_spike,Pipeline TB,2,490,6,5,0x80000004,0x00010113,ALUI,1,2,0x80010000,0,0x80010000,0x00000000,0,0,0,0,0
pipeline_spike,Pipeline TB,3,490,7,6,0x80000008,0x008000ef,JAL,1,1,0x8000000c,0,0x00000000,0x00000000,0,0,0,0,0
pipeline_spike,Pipeline TB,4,490,8,9,0x80000010,0xfe010113,ALUI,1,2,0x8000ffe0,0,0x8000ffe0,0x00000000,0,0,0,0,0
pipeline_spike,Pipeline TB,5,490,9,10,0x80000014,0x00812e23,STORE,0,28,0x8000fffc,1,0x8000fffc,0x00000000,0,0,0,0,0
pipeline_spike,Pipeline TB,6,490,10,11,0x80000018,0x02010413,ALUI,1,8,0x80010000,0,0x80010000,0x00000000,0,0,0,0,0
pipeline_spike,Pipeline TB,7,490,11,12,0x8000001c,0xfe042623,STORE,0,12,0x8000ffec,1,0x8000ffec,0x00000000,0,0,0,0,0
pipeline_spike,Pipeline TB,8,490,12,13,0x80000020,0x0e00006f,JAL,1,0,0x80000024,0,0x00000000,0x00000000,0,0,0,0,0
pipeline_spike,Pipeline TB,9,490,13,16,0x80000100,0xfec42703,LOAD,1,14,0x00000000,0,0x8000ffec,0x00000000,0,0,0,0,0
pipeline_spike,Pipeline TB,10,490,14,17,0x80000104,0x00300793,ALUI,1,15,0x00000003,0,0x00000003,0x00000000,0,0,0,0,0
pipeline_spike,Pipeline TB,11,490,15,18,0x80000108,0xf0e7dee3,BRANCH,0,29,0x00000003,0,0x00000003,0x00000000,0,0,0,0,0
pipeline_spike,Pipeline TB,12,490,16,21,0x80000024,0xfe042423,STORE,0,8,0x8000ffe8,1,0x8000ffe8,0x00000000,0,0,0,0,0
pipeline_spike,Pipeline TB,13,490,17,22,0x80000028,0x0b80006f,JAL,1,0,0x8000002c,0,0x00000000,0x00000000,0,0,0,0,0
pipeline_spike,Pipeline TB,14,490,18,25,0x800000e0,0x00400713,ALUI,1,14,0x00000004,0,0x00000004,0x00000000,0,0,0,0,0
pipeline_spike,Pipeline TB,15,490,19,26,0x800000e4,0xfec42783,LOAD,1,15,0x00000000,0,0x8000ffec,0x00000000,0,0,0,0,0
pipeline_spike,Pipeline TB,16,490,20,28,0x800000e8,0x40f707b3,ALUR,1,15,0x00000004,0,0x00000004,0x00000000,0,0,0,0,0
pipeline_spike,Pipeline TB,17,490,21,29,0x800000ec,0xfe842703,LOAD,1,14,0x00000000,0,0x8000ffe8,0x80010000,0,0,0,0,0
pipeline_spike,Pipeline TB,18,490,22,31,0x800000f0,0xf2f74ee3,BRANCH,0,29,0x00000004,0,0x00000004,0x00000004,0,0,0,0,0
pipeline_spike,Pipeline TB,19,490,23,34,0x8000002c,0x800007b7,LUI,1,15,0x80000000,0,0x80000000,0x00000000,0,0,0,0,0
pipeline_spike,Pipeline TB,20,490,24,35,0x80000030,0x13478713,ALUI,1,14,0x80000134,0,0x80000134,0x00000000,0,0,0,0,0
pipeline_spike,Pipeline TB,21,490,25,36,0x80000034,0xfe842783,LOAD,1,15,0x00000000,0,0x8000ffe8,0x80010000,0,0,0,0,0
pipeline_spike,Pipeline TB,22,490,26,38,0x80000038,0x00279793,ALUI,1,15,0x00000000,0,0x00000000,0x8000ffe0,0,0,0,0,0
pipeline_spike,Pipeline TB,23,490,27,39,0x8000003c,0x00f707b3,ALUR,1,15,0x80000134,0,0x80000134,0x00000000,0,0,0,0,0
pipeline_spike,Pipeline TB,24,490,28,40,0x80000040,0x0007a703,LOAD,1,14,0x00000009,0,0x80000134,0x00000000,0,0,0,0,0
pipeline_spike,Pipeline TB,25,490,29,41,0x80000044,0xfe842783,LOAD,1,15,0x00000000,0,0x8000ffe8,0x80010000,0,0,0,0,0
pipeline_spike,Pipeline TB,26,490,30,43,0x80000048,0x00178793,ALUI,1,15,0x00000001,0,0x00000001,0x8000000c,0,0,0,0,0
pipeline_spike,Pipeline TB,27,490,31,44,0x8000004c,0x800006b7,LUI,1,13,0x80000000,0,0x80000000,0x00000000,0,0,0,0,0
pipeline_spike,Pipeline TB,28,490,32,45,0x80000050,0x13468693,ALUI,1,13,0x80000134,0,0x80000134,0x00000000,0,0,0,0,0
pipeline_spike,Pipeline TB,29,490,33,46,0x80000054,0x00279793,ALUI,1,15,0x00000004,0,0x00000004,0x8000ffe0,0,0,0,0,0
pipeline_spike,Pipeline TB,30,490,34,47,0x80000058,0x00f687b3,ALUR,1,15,0x80000138,0,0x80000138,0x00000004,0,0,0,0,0
pipeline_spike,Pipeline TB,31,490,35,48,0x8000005c,0x0007a783,LOAD,1,15,0x00000003,0,0x80000138,0x00000000,0,0,0,0,0
pipeline_spike,Pipeline TB,32,490,36,50,0x80000060,0x06e7da63,BRANCH,0,20,0x0000000c,0,0x0000000c,0x00000009,0,0,0,0,0
pipeline_spike,Pipeline TB,33,490,37,51,0x80000064,0x800007b7,LUI,1,15,0x80000000,0,0x80000000,0x00000000,0,0,0,0,0
pipeline_spike,Pipeline TB,34,490,38,52,0x80000068,0x13478713,ALUI,1,14,0x80000134,0,0x80000134,0x00000000,0,0,0,0,0
pipeline_spike,Pipeline TB,35,490,39,53,0x8000006c,0xfe842783,LOAD,1,15,0x00000000,0,0x8000ffe8,0x80010000,0,0,0,0,0
pipeline_spike,Pipeline TB,36,490,40,55,0x80000070,0x00279793,ALUI,1,15,0x00000000,0,0x00000000,0x8000ffe0,0,0,0,0,0
pipeline_spike,Pipeline TB,37,490,41,56,0x80000074,0x00f707b3,ALUR,1,15,0x80000134,0,0x80000134,0x00000000,0,0,0,0,0
pipeline_spike,Pipeline TB,38,490,42,57,0x80000078,0x0007a783,LOAD,1,15,0x00000009,0,0x80000134,0x00000000,0,0,0,0,0
pipeline_spike,Pipeline TB,39,490,43,59,0x8000007c,0xfef42223,STORE,0,4,0x8000ffe4,1,0x8000ffe4,0x00000009,0,0,0,0,0
pipeline_spike,Pipeline TB,40,490,44,60,0x80000080,0xfe842783,LOAD,1,15,0x00000000,0,0x8000ffe8,0x80010000,0,0,0,0,0
pipeline_spike,Pipeline TB,41,490,45,62,0x80000084,0x00178793,ALUI,1,15,0x00000001,0,0x00000001,0x8000000c,0,0,0,0,0
pipeline_spike,Pipeline TB,42,490,46,63,0x80000088,0x80000737,LUI,1,14,0x80000000,0,0x80000000,0x00000000,0,0,0,0,0
pipeline_spike,Pipeline TB,43,490,47,64,0x8000008c,0x13470713,ALUI,1,14,0x80000134,0,0x80000134,0x00000000,0,0,0,0,0
pipeline_spike,Pipeline TB,44,490,48,65,0x80000090,0x00279793,ALUI,1,15,0x00000004,0,0x00000004,0x8000ffe0,0,0,0,0,0
pipeline_spike,Pipeline TB,45,490,49,66,0x80000094,0x00f707b3,ALUR,1,15,0x80000138,0,0x80000138,0x00000004,0,0,0,0,0
pipeline_spike,Pipeline TB,46,490,50,67,0x80000098,0x0007a703,LOAD,1,14,0x00000003,0,0x80000138,0x00000000,0,0,0,0,0
pipeline_spike,Pipeline TB,47,490,51,68,0x8000009c,0x800007b7,LUI,1,15,0x80000000,0,0x80000000,0x00000000,0,0,0,0,0
pipeline_spike,Pipeline TB,48,490,52,69,0x800000a0,0x13478693,ALUI,1,13,0x80000134,0,0x80000134,0x00000000,0,0,0,0,0
pipeline_spike,Pipeline TB,49,490,53,70,0x800000a4,0xfe842783,LOAD,1,15,0x00000000,0,0x8000ffe8,0x80010000,0,0,0,0,0
pipeline_spike,Pipeline TB,50,490,54,72,0x800000a8,0x00279793,ALUI,1,15,0x00000000,0,0x00000000,0x8000ffe0,0,0,0,0,0
pipeline_spike,Pipeline TB,51,490,55,73,0x800000ac,0x00f687b3,ALUR,1,15,0x80000134,0,0x80000134,0x00000000,0,0,0,0,0
pipeline_spike,Pipeline TB,52,490,56,74,0x800000b0,0x00e7a023,STORE,0,0,0x80000134,1,0x80000134,0x00000003,0,0,0,0,0
pipeline_spike,Pipeline TB,53,490,57,75,0x800000b4,0xfe842783,LOAD,1,15,0x00000000,0,0x8000ffe8,0x80010000,0,0,0,0,0
pipeline_spike,Pipeline TB,54,490,58,77,0x800000b8,0x00178793,ALUI,1,15,0x00000001,0,0x00000001,0x8000000c,0,0,0,0,0
pipeline_spike,Pipeline TB,55,490,59,78,0x800000bc,0x80000737,LUI,1,14,0x80000000,0,0x80000000,0x00000000,0,0,0,0,0
pipeline_spike,Pipeline TB,56,490,60,79,0x800000c0,0x13470713,ALUI,1,14,0x80000134,0,0x80000134,0x00000000,0,0,0,0,0
pipeline_spike,Pipeline TB,57,490,61,80,0x800000c4,0x00279793,ALUI,1,15,0x00000004,0,0x00000004,0x8000ffe0,0,0,0,0,0
pipeline_spike,Pipeline TB,58,490,62,81,0x800000c8,0x00f707b3,ALUR,1,15,0x80000138,0,0x80000138,0x00000004,0,0,0,0,0
pipeline_spike,Pipeline TB,59,490,63,82,0x800000cc,0xfe442703,LOAD,1,14,0x00000009,0,0x8000ffe4,0x00000000,0,0,0,0,0
pipeline_spike,Pipeline TB,60,490,64,84,0x800000d0,0x00e7a023,STORE,0,0,0x80000138,1,0x80000138,0x00000009,0,0,0,0,0
pipeline_spike,Pipeline TB,61,490,65,85,0x800000d4,0xfe842783,LOAD,1,15,0x00000000,0,0x8000ffe8,0x80010000,0,0,0,0,0
pipeline_spike,Pipeline TB,62,490,66,87,0x800000d8,0x00178793,ALUI,1,15,0x00000001,0,0x00000001,0x8000000c,0,0,0,0,0
pipeline_spike,Pipeline TB,63,490,67,88,0x800000dc,0xfef42423,STORE,0,8,0x8000ffe8,1,0x8000ffe8,0x00000001,0,0,0,0,0
pipeline_spike,Pipeline TB,64,490,68,89,0x800000e0,0x00400713,ALUI,1,14,0x00000004,0,0x00000004,0x00000000,0,0,0,0,0
pipeline_spike,Pipeline TB,65,490,69,90,0x800000e4,0xfec42783,LOAD,1,15,0x00000000,0,0x8000ffec,0x00000000,0,0,0,0,0
pipeline_spike,Pipeline TB,66,490,70,92,0x800000e8,0x40f707b3,ALUR,1,15,0x00000004,0,0x00000004,0x00000000,0,0,0,0,0
pipeline_spike,Pipeline TB,67,490,71,93,0x800000ec,0xfe842703,LOAD,1,14,0x00000001,0,0x8000ffe8,0x80010000,0,0,0,0,0
pipeline_spike,Pipeline TB,68,490,72,95,0x800000f0,0xf2f74ee3,BRANCH,0,29,0x00000005,0,0x00000005,0x00000004,0,0,0,0,0
pipeline_spike,Pipeline TB,69,490,73,98,0x8000002c,0x800007b7,LUI,1,15,0x80000000,0,0x80000000,0x00000000,0,0,0,0,0
pipeline_spike,Pipeline TB,70,490,74,99,0x80000030,0x13478713,ALUI,1,14,0x80000134,0,0x80000134,0x00000000,0,0,0,0,0
pipeline_spike,Pipeline TB,71,490,75,100,0x80000034,0xfe842783,LOAD,1,15,0x00000001,0,0x8000ffe8,0x80010000,0,0,0,0,0
pipeline_spike,Pipeline TB,72,490,76,102,0x80000038,0x00279793,ALUI,1,15,0x00000004,0,0x00000004,0x8000ffe0,0,0,0,0,0
pipeline_spike,Pipeline TB,73,490,77,103,0x8000003c,0x00f707b3,ALUR,1,15,0x80000138,0,0x80000138,0x00000004,0,0,0,0,0
pipeline_spike,Pipeline TB,74,490,78,104,0x80000040,0x0007a703,LOAD,1,14,0x00000009,0,0x80000138,0x00000000,0,0,0,0,0
pipeline_spike,Pipeline TB,75,490,79,105,0x80000044,0xfe842783,LOAD,1,15,0x00000001,0,0x8000ffe8,0x80010000,0,0,0,0,0
pipeline_spike,Pipeline TB,76,490,80,107,0x80000048,0x00178793,ALUI,1,15,0x00000002,0,0x00000002,0x8000000c,0,0,0,0,0
pipeline_spike,Pipeline TB,77,490,81,108,0x8000004c,0x800006b7,LUI,1,13,0x80000000,0,0x80000000,0x00000000,0,0,0,0,0
pipeline_spike,Pipeline TB,78,490,82,109,0x80000050,0x13468693,ALUI,1,13,0x80000134,0,0x80000134,0x00000000,0,0,0,0,0
pipeline_spike,Pipeline TB,79,490,83,110,0x80000054,0x00279793,ALUI,1,15,0x00000008,0,0x00000008,0x8000ffe0,0,0,0,0,0
pipeline_spike,Pipeline TB,80,490,84,111,0x80000058,0x00f687b3,ALUR,1,15,0x8000013c,0,0x8000013c,0x00000008,0,0,0,0,0
pipeline_spike,Pipeline TB,81,490,85,112,0x8000005c,0x0007a783,LOAD,1,15,0x00000007,0,0x8000013c,0x00000000,0,0,0,0,0
pipeline_spike,Pipeline TB,82,490,86,114,0x80000060,0x06e7da63,BRANCH,0,20,0x00000010,0,0x00000010,0x00000009,0,0,0,0,0
pipeline_spike,Pipeline TB,83,490,87,115,0x80000064,0x800007b7,LUI,1,15,0x80000000,0,0x80000000,0x00000000,0,0,0,0,0
pipeline_spike,Pipeline TB,84,490,88,116,0x80000068,0x13478713,ALUI,1,14,0x80000134,0,0x80000134,0x00000000,0,0,0,0,0
pipeline_spike,Pipeline TB,85,490,89,117,0x8000006c,0xfe842783,LOAD,1,15,0x00000001,0,0x8000ffe8,0x80010000,0,0,0,0,0
pipeline_spike,Pipeline TB,86,490,90,119,0x80000070,0x00279793,ALUI,1,15,0x00000004,0,0x00000004,0x8000ffe0,0,0,0,0,0
pipeline_spike,Pipeline TB,87,490,91,120,0x80000074,0x00f707b3,ALUR,1,15,0x80000138,0,0x80000138,0x00000004,0,0,0,0,0
pipeline_spike,Pipeline TB,88,490,92,121,0x80000078,0x0007a783,LOAD,1,15,0x00000009,0,0x80000138,0x00000000,0,0,0,0,0
pipeline_spike,Pipeline TB,89,490,93,123,0x8000007c,0xfef42223,STORE,0,4,0x8000ffe4,1,0x8000ffe4,0x00000009,0,0,0,0,0
pipeline_spike,Pipeline TB,90,490,94,124,0x80000080,0xfe842783,LOAD,1,15,0x00000001,0,0x8000ffe8,0x80010000,0,0,0,0,0
pipeline_spike,Pipeline TB,91,490,95,126,0x80000084,0x00178793,ALUI,1,15,0x00000002,0,0x00000002,0x8000000c,0,0,0,0,0
pipeline_spike,Pipeline TB,92,490,96,127,0x80000088,0x80000737,LUI,1,14,0x80000000,0,0x80000000,0x00000000,0,0,0,0,0
pipeline_spike,Pipeline TB,93,490,97,128,0x8000008c,0x13470713,ALUI,1,14,0x80000134,0,0x80000134,0x00000000,0,0,0,0,0
pipeline_spike,Pipeline TB,94,490,98,129,0x80000090,0x00279793,ALUI,1,15,0x00000008,0,0x00000008,0x8000ffe0,0,0,0,0,0
pipeline_spike,Pipeline TB,95,490,99,130,0x80000094,0x00f707b3,ALUR,1,15,0x8000013c,0,0x8000013c,0x00000008,0,0,0,0,0
pipeline_spike,Pipeline TB,96,490,100,131,0x80000098,0x0007a703,LOAD,1,14,0x00000007,0,0x8000013c,0x00000000,0,0,0,0,0
pipeline_spike,Pipeline TB,97,490,101,132,0x8000009c,0x800007b7,LUI,1,15,0x80000000,0,0x80000000,0x00000000,0,0,0,0,0
pipeline_spike,Pipeline TB,98,490,102,133,0x800000a0,0x13478693,ALUI,1,13,0x80000134,0,0x80000134,0x00000000,0,0,0,0,0
pipeline_spike,Pipeline TB,99,490,103,134,0x800000a4,0xfe842783,LOAD,1,15,0x00000001,0,0x8000ffe8,0x80010000,0,0,0,0,0
pipeline_spike,Pipeline TB,100,490,104,136,0x800000a8,0x00279793,ALUI,1,15,0x00000004,0,0x00000004,0x8000ffe0,0,0,0,0,0
pipeline_spike,Pipeline TB,101,490,105,137,0x800000ac,0x00f687b3,ALUR,1,15,0x80000138,0,0x80000138,0x00000004,0,0,0,0,0
pipeline_spike,Pipeline TB,102,490,106,138,0x800000b0,0x00e7a023,STORE,0,0,0x80000138,1,0x80000138,0x00000007,0,0,0,0,0
pipeline_spike,Pipeline TB,103,490,107,139,0x800000b4,0xfe842783,LOAD,1,15,0x00000001,0,0x8000ffe8,0x80010000,0,0,0,0,0
pipeline_spike,Pipeline TB,104,490,108,141,0x800000b8,0x00178793,ALUI,1,15,0x00000002,0,0x00000002,0x8000000c,0,0,0,0,0
pipeline_spike,Pipeline TB,105,490,109,142,0x800000bc,0x80000737,LUI,1,14,0x80000000,0,0x80000000,0x00000000,0,0,0,0,0
pipeline_spike,Pipeline TB,106,490,110,143,0x800000c0,0x13470713,ALUI,1,14,0x80000134,0,0x80000134,0x00000000,0,0,0,0,0
pipeline_spike,Pipeline TB,107,490,111,144,0x800000c4,0x00279793,ALUI,1,15,0x00000008,0,0x00000008,0x8000ffe0,0,0,0,0,0
pipeline_spike,Pipeline TB,108,490,112,145,0x800000c8,0x00f707b3,ALUR,1,15,0x8000013c,0,0x8000013c,0x00000008,0,0,0,0,0
pipeline_spike,Pipeline TB,109,490,113,146,0x800000cc,0xfe442703,LOAD,1,14,0x00000009,0,0x8000ffe4,0x00000000,0,0,0,0,0
pipeline_spike,Pipeline TB,110,490,114,148,0x800000d0,0x00e7a023,STORE,0,0,0x8000013c,1,0x8000013c,0x00000009,0,0,0,0,0
pipeline_spike,Pipeline TB,111,490,115,149,0x800000d4,0xfe842783,LOAD,1,15,0x00000001,0,0x8000ffe8,0x80010000,0,0,0,0,0
pipeline_spike,Pipeline TB,112,490,116,151,0x800000d8,0x00178793,ALUI,1,15,0x00000002,0,0x00000002,0x8000000c,0,0,0,0,0
pipeline_spike,Pipeline TB,113,490,117,152,0x800000dc,0xfef42423,STORE,0,8,0x8000ffe8,1,0x8000ffe8,0x00000002,0,0,0,0,0
pipeline_spike,Pipeline TB,114,490,118,153,0x800000e0,0x00400713,ALUI,1,14,0x00000004,0,0x00000004,0x00000000,0,0,0,0,0
pipeline_spike,Pipeline TB,115,490,119,154,0x800000e4,0xfec42783,LOAD,1,15,0x00000000,0,0x8000ffec,0x00000000,0,0,0,0,0
pipeline_spike,Pipeline TB,116,490,120,156,0x800000e8,0x40f707b3,ALUR,1,15,0x00000004,0,0x00000004,0x00000000,0,0,0,0,0
pipeline_spike,Pipeline TB,117,490,121,157,0x800000ec,0xfe842703,LOAD,1,14,0x00000002,0,0x8000ffe8,0x80010000,0,0,0,0,0
pipeline_spike,Pipeline TB,118,490,122,159,0x800000f0,0xf2f74ee3,BRANCH,0,29,0x00000006,0,0x00000006,0x00000004,0,0,0,0,0
pipeline_spike,Pipeline TB,119,490,123,162,0x8000002c,0x800007b7,LUI,1,15,0x80000000,0,0x80000000,0x00000000,0,0,0,0,0
pipeline_spike,Pipeline TB,120,490,124,163,0x80000030,0x13478713,ALUI,1,14,0x80000134,0,0x80000134,0x00000000,0,0,0,0,0
pipeline_spike,Pipeline TB,121,490,125,164,0x80000034,0xfe842783,LOAD,1,15,0x00000002,0,0x8000ffe8,0x80010000,0,0,0,0,0
pipeline_spike,Pipeline TB,122,490,126,166,0x80000038,0x00279793,ALUI,1,15,0x00000008,0,0x00000008,0x8000ffe0,0,0,0,0,0
pipeline_spike,Pipeline TB,123,490,127,167,0x8000003c,0x00f707b3,ALUR,1,15,0x8000013c,0,0x8000013c,0x00000008,0,0,0,0,0
pipeline_spike,Pipeline TB,124,490,128,168,0x80000040,0x0007a703,LOAD,1,14,0x00000009,0,0x8000013c,0x00000000,0,0,0,0,0
pipeline_spike,Pipeline TB,125,490,129,169,0x80000044,0xfe842783,LOAD,1,15,0x00000002,0,0x8000ffe8,0x80010000,0,0,0,0,0
pipeline_spike,Pipeline TB,126,490,130,171,0x80000048,0x00178793,ALUI,1,15,0x00000003,0,0x00000003,0x8000000c,0,0,0,0,0
pipeline_spike,Pipeline TB,127,490,131,172,0x8000004c,0x800006b7,LUI,1,13,0x80000000,0,0x80000000,0x00000000,0,0,0,0,0
pipeline_spike,Pipeline TB,128,490,132,173,0x80000050,0x13468693,ALUI,1,13,0x80000134,0,0x80000134,0x00000000,0,0,0,0,0
pipeline_spike,Pipeline TB,129,490,133,174,0x80000054,0x00279793,ALUI,1,15,0x0000000c,0,0x0000000c,0x8000ffe0,0,0,0,0,0
pipeline_spike,Pipeline TB,130,490,134,175,0x80000058,0x00f687b3,ALUR,1,15,0x80000140,0,0x80000140,0x0000000c,0,0,0,0,0
pipeline_spike,Pipeline TB,131,490,135,176,0x8000005c,0x0007a783,LOAD,1,15,0x00000001,0,0x80000140,0x00000000,0,0,0,0,0
pipeline_spike,Pipeline TB,132,490,136,178,0x80000060,0x06e7da63,BRANCH,0,20,0x0000000a,0,0x0000000a,0x00000009,0,0,0,0,0
pipeline_spike,Pipeline TB,133,490,137,179,0x80000064,0x800007b7,LUI,1,15,0x80000000,0,0x80000000,0x00000000,0,0,0,0,0
pipeline_spike,Pipeline TB,134,490,138,180,0x80000068,0x13478713,ALUI,1,14,0x80000134,0,0x80000134,0x00000000,0,0,0,0,0
pipeline_spike,Pipeline TB,135,490,139,181,0x8000006c,0xfe842783,LOAD,1,15,0x00000002,0,0x8000ffe8,0x80010000,0,0,0,0,0
pipeline_spike,Pipeline TB,136,490,140,183,0x80000070,0x00279793,ALUI,1,15,0x00000008,0,0x00000008,0x8000ffe0,0,0,0,0,0
pipeline_spike,Pipeline TB,137,490,141,184,0x80000074,0x00f707b3,ALUR,1,15,0x8000013c,0,0x8000013c,0x00000008,0,0,0,0,0
pipeline_spike,Pipeline TB,138,490,142,185,0x80000078,0x0007a783,LOAD,1,15,0x00000009,0,0x8000013c,0x00000000,0,0,0,0,0
pipeline_spike,Pipeline TB,139,490,143,187,0x8000007c,0xfef42223,STORE,0,4,0x8000ffe4,1,0x8000ffe4,0x00000009,0,0,0,0,0
pipeline_spike,Pipeline TB,140,490,144,188,0x80000080,0xfe842783,LOAD,1,15,0x00000002,0,0x8000ffe8,0x80010000,0,0,0,0,0
pipeline_spike,Pipeline TB,141,490,145,190,0x80000084,0x00178793,ALUI,1,15,0x00000003,0,0x00000003,0x8000000c,0,0,0,0,0
pipeline_spike,Pipeline TB,142,490,146,191,0x80000088,0x80000737,LUI,1,14,0x80000000,0,0x80000000,0x00000000,0,0,0,0,0
pipeline_spike,Pipeline TB,143,490,147,192,0x8000008c,0x13470713,ALUI,1,14,0x80000134,0,0x80000134,0x00000000,0,0,0,0,0
pipeline_spike,Pipeline TB,144,490,148,193,0x80000090,0x00279793,ALUI,1,15,0x0000000c,0,0x0000000c,0x8000ffe0,0,0,0,0,0
pipeline_spike,Pipeline TB,145,490,149,194,0x80000094,0x00f707b3,ALUR,1,15,0x80000140,0,0x80000140,0x0000000c,0,0,0,0,0
pipeline_spike,Pipeline TB,146,490,150,195,0x80000098,0x0007a703,LOAD,1,14,0x00000001,0,0x80000140,0x00000000,0,0,0,0,0
pipeline_spike,Pipeline TB,147,490,151,196,0x8000009c,0x800007b7,LUI,1,15,0x80000000,0,0x80000000,0x00000000,0,0,0,0,0
pipeline_spike,Pipeline TB,148,490,152,197,0x800000a0,0x13478693,ALUI,1,13,0x80000134,0,0x80000134,0x00000000,0,0,0,0,0
pipeline_spike,Pipeline TB,149,490,153,198,0x800000a4,0xfe842783,LOAD,1,15,0x00000002,0,0x8000ffe8,0x80010000,0,0,0,0,0
pipeline_spike,Pipeline TB,150,490,154,200,0x800000a8,0x00279793,ALUI,1,15,0x00000008,0,0x00000008,0x8000ffe0,0,0,0,0,0
pipeline_spike,Pipeline TB,151,490,155,201,0x800000ac,0x00f687b3,ALUR,1,15,0x8000013c,0,0x8000013c,0x00000008,0,0,0,0,0
pipeline_spike,Pipeline TB,152,490,156,202,0x800000b0,0x00e7a023,STORE,0,0,0x8000013c,1,0x8000013c,0x00000001,0,0,0,0,0
pipeline_spike,Pipeline TB,153,490,157,203,0x800000b4,0xfe842783,LOAD,1,15,0x00000002,0,0x8000ffe8,0x80010000,0,0,0,0,0
pipeline_spike,Pipeline TB,154,490,158,205,0x800000b8,0x00178793,ALUI,1,15,0x00000003,0,0x00000003,0x8000000c,0,0,0,0,0
pipeline_spike,Pipeline TB,155,490,159,206,0x800000bc,0x80000737,LUI,1,14,0x80000000,0,0x80000000,0x00000000,0,0,0,0,0
pipeline_spike,Pipeline TB,156,490,160,207,0x800000c0,0x13470713,ALUI,1,14,0x80000134,0,0x80000134,0x00000000,0,0,0,0,0
pipeline_spike,Pipeline TB,157,490,161,208,0x800000c4,0x00279793,ALUI,1,15,0x0000000c,0,0x0000000c,0x8000ffe0,0,0,0,0,0
pipeline_spike,Pipeline TB,158,490,162,209,0x800000c8,0x00f707b3,ALUR,1,15,0x80000140,0,0x80000140,0x0000000c,0,0,0,0,0
pipeline_spike,Pipeline TB,159,490,163,210,0x800000cc,0xfe442703,LOAD,1,14,0x00000009,0,0x8000ffe4,0x00000000,0,0,0,0,0
pipeline_spike,Pipeline TB,160,490,164,212,0x800000d0,0x00e7a023,STORE,0,0,0x80000140,1,0x80000140,0x00000009,0,0,0,0,0
pipeline_spike,Pipeline TB,161,490,165,213,0x800000d4,0xfe842783,LOAD,1,15,0x00000002,0,0x8000ffe8,0x80010000,0,0,0,0,0
pipeline_spike,Pipeline TB,162,490,166,215,0x800000d8,0x00178793,ALUI,1,15,0x00000003,0,0x00000003,0x8000000c,0,0,0,0,0
pipeline_spike,Pipeline TB,163,490,167,216,0x800000dc,0xfef42423,STORE,0,8,0x8000ffe8,1,0x8000ffe8,0x00000003,0,0,0,0,0
pipeline_spike,Pipeline TB,164,490,168,217,0x800000e0,0x00400713,ALUI,1,14,0x00000004,0,0x00000004,0x00000000,0,0,0,0,0
pipeline_spike,Pipeline TB,165,490,169,218,0x800000e4,0xfec42783,LOAD,1,15,0x00000000,0,0x8000ffec,0x00000000,0,0,0,0,0
pipeline_spike,Pipeline TB,166,490,170,220,0x800000e8,0x40f707b3,ALUR,1,15,0x00000004,0,0x00000004,0x00000000,0,0,0,0,0
pipeline_spike,Pipeline TB,167,490,171,221,0x800000ec,0xfe842703,LOAD,1,14,0x00000003,0,0x8000ffe8,0x80010000,0,0,0,0,0
pipeline_spike,Pipeline TB,168,490,172,223,0x800000f0,0xf2f74ee3,BRANCH,0,29,0x00000007,0,0x00000007,0x00000004,0,0,0,0,0
pipeline_spike,Pipeline TB,169,490,173,226,0x8000002c,0x800007b7,LUI,1,15,0x80000000,0,0x80000000,0x00000000,0,0,0,0,0
pipeline_spike,Pipeline TB,170,490,174,227,0x80000030,0x13478713,ALUI,1,14,0x80000134,0,0x80000134,0x00000000,0,0,0,0,0
pipeline_spike,Pipeline TB,171,490,175,228,0x80000034,0xfe842783,LOAD,1,15,0x00000003,0,0x8000ffe8,0x80010000,0,0,0,0,0
pipeline_spike,Pipeline TB,172,490,176,230,0x80000038,0x00279793,ALUI,1,15,0x0000000c,0,0x0000000c,0x8000ffe0,0,0,0,0,0
pipeline_spike,Pipeline TB,173,490,177,231,0x8000003c,0x00f707b3,ALUR,1,15,0x80000140,0,0x80000140,0x0000000c,0,0,0,0,0
pipeline_spike,Pipeline TB,174,490,178,232,0x80000040,0x0007a703,LOAD,1,14,0x00000009,0,0x80000140,0x00000000,0,0,0,0,0
pipeline_spike,Pipeline TB,175,490,179,233,0x80000044,0xfe842783,LOAD,1,15,0x00000003,0,0x8000ffe8,0x80010000,0,0,0,0,0
pipeline_spike,Pipeline TB,176,490,180,235,0x80000048,0x00178793,ALUI,1,15,0x00000004,0,0x00000004,0x8000000c,0,0,0,0,0
pipeline_spike,Pipeline TB,177,490,181,236,0x8000004c,0x800006b7,LUI,1,13,0x80000000,0,0x80000000,0x00000000,0,0,0,0,0
pipeline_spike,Pipeline TB,178,490,182,237,0x80000050,0x13468693,ALUI,1,13,0x80000134,0,0x80000134,0x00000000,0,0,0,0,0
pipeline_spike,Pipeline TB,179,490,183,238,0x80000054,0x00279793,ALUI,1,15,0x00000010,0,0x00000010,0x8000ffe0,0,0,0,0,0
pipeline_spike,Pipeline TB,180,490,184,239,0x80000058,0x00f687b3,ALUR,1,15,0x80000144,0,0x80000144,0x00000010,0,0,0,0,0
pipeline_spike,Pipeline TB,181,490,185,240,0x8000005c,0x0007a783,LOAD,1,15,0x00000005,0,0x80000144,0x00000000,0,0,0,0,0
pipeline_spike,Pipeline TB,182,490,186,242,0x80000060,0x06e7da63,BRANCH,0,20,0x0000000e,0,0x0000000e,0x00000009,0,0,0,0,0
pipeline_spike,Pipeline TB,183,490,187,243,0x80000064,0x800007b7,LUI,1,15,0x80000000,0,0x80000000,0x00000000,0,0,0,0,0
pipeline_spike,Pipeline TB,184,490,188,244,0x80000068,0x13478713,ALUI,1,14,0x80000134,0,0x80000134,0x00000000,0,0,0,0,0
pipeline_spike,Pipeline TB,185,490,189,245,0x8000006c,0xfe842783,LOAD,1,15,0x00000003,0,0x8000ffe8,0x80010000,0,0,0,0,0
pipeline_spike,Pipeline TB,186,490,190,247,0x80000070,0x00279793,ALUI,1,15,0x0000000c,0,0x0000000c,0x8000ffe0,0,0,0,0,0
pipeline_spike,Pipeline TB,187,490,191,248,0x80000074,0x00f707b3,ALUR,1,15,0x80000140,0,0x80000140,0x0000000c,0,0,0,0,0
pipeline_spike,Pipeline TB,188,490,192,249,0x80000078,0x0007a783,LOAD,1,15,0x00000009,0,0x80000140,0x00000000,0,0,0,0,0
pipeline_spike,Pipeline TB,189,490,193,251,0x8000007c,0xfef42223,STORE,0,4,0x8000ffe4,1,0x8000ffe4,0x00000009,0,0,0,0,0
pipeline_spike,Pipeline TB,190,490,194,252,0x80000080,0xfe842783,LOAD,1,15,0x00000003,0,0x8000ffe8,0x80010000,0,0,0,0,0
pipeline_spike,Pipeline TB,191,490,195,254,0x80000084,0x00178793,ALUI,1,15,0x00000004,0,0x00000004,0x8000000c,0,0,0,0,0
pipeline_spike,Pipeline TB,192,490,196,255,0x80000088,0x80000737,LUI,1,14,0x80000000,0,0x80000000,0x00000000,0,0,0,0,0
pipeline_spike,Pipeline TB,193,490,197,256,0x8000008c,0x13470713,ALUI,1,14,0x80000134,0,0x80000134,0x00000000,0,0,0,0,0
pipeline_spike,Pipeline TB,194,490,198,257,0x80000090,0x00279793,ALUI,1,15,0x00000010,0,0x00000010,0x8000ffe0,0,0,0,0,0
pipeline_spike,Pipeline TB,195,490,199,258,0x80000094,0x00f707b3,ALUR,1,15,0x80000144,0,0x80000144,0x00000010,0,0,0,0,0
pipeline_spike,Pipeline TB,196,490,200,259,0x80000098,0x0007a703,LOAD,1,14,0x00000005,0,0x80000144,0x00000000,0,0,0,0,0
pipeline_spike,Pipeline TB,197,490,201,260,0x8000009c,0x800007b7,LUI,1,15,0x80000000,0,0x80000000,0x00000000,0,0,0,0,0
pipeline_spike,Pipeline TB,198,490,202,261,0x800000a0,0x13478693,ALUI,1,13,0x80000134,0,0x80000134,0x00000000,0,0,0,0,0
pipeline_spike,Pipeline TB,199,490,203,262,0x800000a4,0xfe842783,LOAD,1,15,0x00000003,0,0x8000ffe8,0x80010000,0,0,0,0,0
pipeline_spike,Pipeline TB,200,490,204,264,0x800000a8,0x00279793,ALUI,1,15,0x0000000c,0,0x0000000c,0x8000ffe0,0,0,0,0,0
pipeline_spike,Pipeline TB,201,490,205,265,0x800000ac,0x00f687b3,ALUR,1,15,0x80000140,0,0x80000140,0x0000000c,0,0,0,0,0
pipeline_spike,Pipeline TB,202,490,206,266,0x800000b0,0x00e7a023,STORE,0,0,0x80000140,1,0x80000140,0x00000005,0,0,0,0,0
pipeline_spike,Pipeline TB,203,490,207,267,0x800000b4,0xfe842783,LOAD,1,15,0x00000003,0,0x8000ffe8,0x80010000,0,0,0,0,0
pipeline_spike,Pipeline TB,204,490,208,269,0x800000b8,0x00178793,ALUI,1,15,0x00000004,0,0x00000004,0x8000000c,0,0,0,0,0
pipeline_spike,Pipeline TB,205,490,209,270,0x800000bc,0x80000737,LUI,1,14,0x80000000,0,0x80000000,0x00000000,0,0,0,0,0
pipeline_spike,Pipeline TB,206,490,210,271,0x800000c0,0x13470713,ALUI,1,14,0x80000134,0,0x80000134,0x00000000,0,0,0,0,0
pipeline_spike,Pipeline TB,207,490,211,272,0x800000c4,0x00279793,ALUI,1,15,0x00000010,0,0x00000010,0x8000ffe0,0,0,0,0,0
pipeline_spike,Pipeline TB,208,490,212,273,0x800000c8,0x00f707b3,ALUR,1,15,0x80000144,0,0x80000144,0x00000010,0,0,0,0,0
pipeline_spike,Pipeline TB,209,490,213,274,0x800000cc,0xfe442703,LOAD,1,14,0x00000009,0,0x8000ffe4,0x00000000,0,0,0,0,0
pipeline_spike,Pipeline TB,210,490,214,276,0x800000d0,0x00e7a023,STORE,0,0,0x80000144,1,0x80000144,0x00000009,0,0,0,0,0
pipeline_spike,Pipeline TB,211,490,215,277,0x800000d4,0xfe842783,LOAD,1,15,0x00000003,0,0x8000ffe8,0x80010000,0,0,0,0,0
pipeline_spike,Pipeline TB,212,490,216,279,0x800000d8,0x00178793,ALUI,1,15,0x00000004,0,0x00000004,0x8000000c,0,0,0,0,0
pipeline_spike,Pipeline TB,213,490,217,280,0x800000dc,0xfef42423,STORE,0,8,0x8000ffe8,1,0x8000ffe8,0x00000004,0,0,0,0,0
pipeline_spike,Pipeline TB,214,490,218,281,0x800000e0,0x00400713,ALUI,1,14,0x00000004,0,0x00000004,0x00000000,0,0,0,0,0
pipeline_spike,Pipeline TB,215,490,219,282,0x800000e4,0xfec42783,LOAD,1,15,0x00000000,0,0x8000ffec,0x00000000,0,0,0,0,0
pipeline_spike,Pipeline TB,216,490,220,284,0x800000e8,0x40f707b3,ALUR,1,15,0x00000004,0,0x00000004,0x00000000,0,0,0,0,0
pipeline_spike,Pipeline TB,217,490,221,285,0x800000ec,0xfe842703,LOAD,1,14,0x00000004,0,0x8000ffe8,0x80010000,0,0,0,0,0
pipeline_spike,Pipeline TB,218,490,222,287,0x800000f0,0xf2f74ee3,BRANCH,0,29,0x00000008,0,0x00000008,0x00000004,0,0,0,0,0
pipeline_spike,Pipeline TB,219,490,223,288,0x800000f4,0xfec42783,LOAD,1,15,0x00000000,0,0x8000ffec,0x00000000,0,0,0,0,0
pipeline_spike,Pipeline TB,220,490,224,290,0x800000f8,0x00178793,ALUI,1,15,0x00000001,0,0x00000001,0x8000000c,0,0,0,0,0
pipeline_spike,Pipeline TB,221,490,225,291,0x800000fc,0xfef42623,STORE,0,12,0x8000ffec,1,0x8000ffec,0x00000001,0,0,0,0,0
pipeline_spike,Pipeline TB,222,490,226,292,0x80000100,0xfec42703,LOAD,1,14,0x00000001,0,0x8000ffec,0x00000000,0,0,0,0,0
pipeline_spike,Pipeline TB,223,490,227,293,0x80000104,0x00300793,ALUI,1,15,0x00000003,0,0x00000003,0x00000000,0,0,0,0,0
pipeline_spike,Pipeline TB,224,490,228,294,0x80000108,0xf0e7dee3,BRANCH,0,29,0x00000004,0,0x00000004,0x00000001,0,0,0,0,0
pipeline_spike,Pipeline TB,225,490,229,297,0x80000024,0xfe042423,STORE,0,8,0x8000ffe8,1,0x8000ffe8,0x00000000,0,0,0,0,0
pipeline_spike,Pipeline TB,226,490,230,298,0x80000028,0x0b80006f,JAL,1,0,0x8000002c,0,0x00000000,0x00000000,0,0,0,0,0
pipeline_spike,Pipeline TB,227,490,231,301,0x800000e0,0x00400713,ALUI,1,14,0x00000004,0,0x00000004,0x00000000,0,0,0,0,0
pipeline_spike,Pipeline TB,228,490,232,302,0x800000e4,0xfec42783,LOAD,1,15,0x00000001,0,0x8000ffec,0x00000000,0,0,0,0,0
pipeline_spike,Pipeline TB,229,490,233,304,0x800000e8,0x40f707b3,ALUR,1,15,0x00000003,0,0x00000003,0x00000001,0,0,0,0,0
pipeline_spike,Pipeline TB,230,490,234,305,0x800000ec,0xfe842703,LOAD,1,14,0x00000000,0,0x8000ffe8,0x80010000,0,0,0,0,0
pipeline_spike,Pipeline TB,231,490,235,307,0x800000f0,0xf2f74ee3,BRANCH,0,29,0x00000003,0,0x00000003,0x00000003,0,0,0,0,0
pipeline_spike,Pipeline TB,232,490,236,310,0x8000002c,0x800007b7,LUI,1,15,0x80000000,0,0x80000000,0x00000000,0,0,0,0,0
pipeline_spike,Pipeline TB,233,490,237,311,0x80000030,0x13478713,ALUI,1,14,0x80000134,0,0x80000134,0x00000000,0,0,0,0,0
pipeline_spike,Pipeline TB,234,490,238,312,0x80000034,0xfe842783,LOAD,1,15,0x00000000,0,0x8000ffe8,0x80010000,0,0,0,0,0
pipeline_spike,Pipeline TB,235,490,239,314,0x80000038,0x00279793,ALUI,1,15,0x00000000,0,0x00000000,0x8000ffe0,0,0,0,0,0
pipeline_spike,Pipeline TB,236,490,240,315,0x8000003c,0x00f707b3,ALUR,1,15,0x80000134,0,0x80000134,0x00000000,0,0,0,0,0
pipeline_spike,Pipeline TB,237,490,241,316,0x80000040,0x0007a703,LOAD,1,14,0x00000003,0,0x80000134,0x00000000,0,0,0,0,0
pipeline_spike,Pipeline TB,238,490,242,317,0x80000044,0xfe842783,LOAD,1,15,0x00000000,0,0x8000ffe8,0x80010000,0,0,0,0,0
pipeline_spike,Pipeline TB,239,490,243,319,0x80000048,0x00178793,ALUI,1,15,0x00000001,0,0x00000001,0x8000000c,0,0,0,0,0
pipeline_spike,Pipeline TB,240,490,244,320,0x8000004c,0x800006b7,LUI,1,13,0x80000000,0,0x80000000,0x00000000,0,0,0,0,0
pipeline_spike,Pipeline TB,241,490,245,321,0x80000050,0x13468693,ALUI,1,13,0x80000134,0,0x80000134,0x00000000,0,0,0,0,0
pipeline_spike,Pipeline TB,242,490,246,322,0x80000054,0x00279793,ALUI,1,15,0x00000004,0,0x00000004,0x8000ffe0,0,0,0,0,0
pipeline_spike,Pipeline TB,243,490,247,323,0x80000058,0x00f687b3,ALUR,1,15,0x80000138,0,0x80000138,0x00000004,0,0,0,0,0
pipeline_spike,Pipeline TB,244,490,248,324,0x8000005c,0x0007a783,LOAD,1,15,0x00000007,0,0x80000138,0x00000000,0,0,0,0,0
pipeline_spike,Pipeline TB,245,490,249,326,0x80000060,0x06e7da63,BRANCH,0,20,0x0000000a,0,0x0000000a,0x00000003,0,0,0,0,0
pipeline_spike,Pipeline TB,246,490,250,329,0x800000d4,0xfe842783,LOAD,1,15,0x00000000,0,0x8000ffe8,0x80010000,0,0,0,0,0
pipeline_spike,Pipeline TB,247,490,251,331,0x800000d8,0x00178793,ALUI,1,15,0x00000001,0,0x00000001,0x8000000c,0,0,0,0,0
pipeline_spike,Pipeline TB,248,490,252,332,0x800000dc,0xfef42423,STORE,0,8,0x8000ffe8,1,0x8000ffe8,0x00000001,0,0,0,0,0
pipeline_spike,Pipeline TB,249,490,253,333,0x800000e0,0x00400713,ALUI,1,14,0x00000004,0,0x00000004,0x00000000,0,0,0,0,0
pipeline_spike,Pipeline TB,250,490,254,334,0x800000e4,0xfec42783,LOAD,1,15,0x00000001,0,0x8000ffec,0x00000000,0,0,0,0,0
pipeline_spike,Pipeline TB,251,490,255,336,0x800000e8,0x40f707b3,ALUR,1,15,0x00000003,0,0x00000003,0x00000001,0,0,0,0,0
pipeline_spike,Pipeline TB,252,490,256,337,0x800000ec,0xfe842703,LOAD,1,14,0x00000001,0,0x8000ffe8,0x80010000,0,0,0,0,0
pipeline_spike,Pipeline TB,253,490,257,339,0x800000f0,0xf2f74ee3,BRANCH,0,29,0x00000004,0,0x00000004,0x00000003,0,0,0,0,0
pipeline_spike,Pipeline TB,254,490,258,342,0x8000002c,0x800007b7,LUI,1,15,0x80000000,0,0x80000000,0x00000000,0,0,0,0,0
pipeline_spike,Pipeline TB,255,490,259,343,0x80000030,0x13478713,ALUI,1,14,0x80000134,0,0x80000134,0x00000000,0,0,0,0,0
pipeline_spike,Pipeline TB,256,490,260,344,0x80000034,0xfe842783,LOAD,1,15,0x00000001,0,0x8000ffe8,0x80010000,0,0,0,0,0
pipeline_spike,Pipeline TB,257,490,261,346,0x80000038,0x00279793,ALUI,1,15,0x00000004,0,0x00000004,0x8000ffe0,0,0,0,0,0
pipeline_spike,Pipeline TB,258,490,262,347,0x8000003c,0x00f707b3,ALUR,1,15,0x80000138,0,0x80000138,0x00000004,0,0,0,0,0
pipeline_spike,Pipeline TB,259,490,263,348,0x80000040,0x0007a703,LOAD,1,14,0x00000007,0,0x80000138,0x00000000,0,0,0,0,0
pipeline_spike,Pipeline TB,260,490,264,349,0x80000044,0xfe842783,LOAD,1,15,0x00000001,0,0x8000ffe8,0x80010000,0,0,0,0,0
pipeline_spike,Pipeline TB,261,490,265,351,0x80000048,0x00178793,ALUI,1,15,0x00000002,0,0x00000002,0x8000000c,0,0,0,0,0
pipeline_spike,Pipeline TB,262,490,266,352,0x8000004c,0x800006b7,LUI,1,13,0x80000000,0,0x80000000,0x00000000,0,0,0,0,0
pipeline_spike,Pipeline TB,263,490,267,353,0x80000050,0x13468693,ALUI,1,13,0x80000134,0,0x80000134,0x00000000,0,0,0,0,0
pipeline_spike,Pipeline TB,264,490,268,354,0x80000054,0x00279793,ALUI,1,15,0x00000008,0,0x00000008,0x8000ffe0,0,0,0,0,0
pipeline_spike,Pipeline TB,265,490,269,355,0x80000058,0x00f687b3,ALUR,1,15,0x8000013c,0,0x8000013c,0x00000008,0,0,0,0,0
pipeline_spike,Pipeline TB,266,490,270,356,0x8000005c,0x0007a783,LOAD,1,15,0x00000001,0,0x8000013c,0x00000000,0,0,0,0,0
pipeline_spike,Pipeline TB,267,490,271,358,0x80000060,0x06e7da63,BRANCH,0,20,0x00000008,0,0x00000008,0x00000007,0,0,0,0,0
pipeline_spike,Pipeline TB,268,490,272,359,0x80000064,0x800007b7,LUI,1,15,0x80000000,0,0x80000000,0x00000000,0,0,0,0,0
pipeline_spike,Pipeline TB,269,490,273,360,0x80000068,0x13478713,ALUI,1,14,0x80000134,0,0x80000134,0x00000000,0,0,0,0,0
pipeline_spike,Pipeline TB,270,490,274,361,0x8000006c,0xfe842783,LOAD,1,15,0x00000001,0,0x8000ffe8,0x80010000,0,0,0,0,0
pipeline_spike,Pipeline TB,271,490,275,363,0x80000070,0x00279793,ALUI,1,15,0x00000004,0,0x00000004,0x8000ffe0,0,0,0,0,0
pipeline_spike,Pipeline TB,272,490,276,364,0x80000074,0x00f707b3,ALUR,1,15,0x80000138,0,0x80000138,0x00000004,0,0,0,0,0
pipeline_spike,Pipeline TB,273,490,277,365,0x80000078,0x0007a783,LOAD,1,15,0x00000007,0,0x80000138,0x00000000,0,0,0,0,0
pipeline_spike,Pipeline TB,274,490,278,367,0x8000007c,0xfef42223,STORE,0,4,0x8000ffe4,1,0x8000ffe4,0x00000007,0,0,0,0,0
pipeline_spike,Pipeline TB,275,490,279,368,0x80000080,0xfe842783,LOAD,1,15,0x00000001,0,0x8000ffe8,0x80010000,0,0,0,0,0
pipeline_spike,Pipeline TB,276,490,280,370,0x80000084,0x00178793,ALUI,1,15,0x00000002,0,0x00000002,0x8000000c,0,0,0,0,0
pipeline_spike,Pipeline TB,277,490,281,371,0x80000088,0x80000737,LUI,1,14,0x80000000,0,0x80000000,0x00000000,0,0,0,0,0
pipeline_spike,Pipeline TB,278,490,282,372,0x8000008c,0x13470713,ALUI,1,14,0x80000134,0,0x80000134,0x00000000,0,0,0,0,0
pipeline_spike,Pipeline TB,279,490,283,373,0x80000090,0x00279793,ALUI,1,15,0x00000008,0,0x00000008,0x8000ffe0,0,0,0,0,0
pipeline_spike,Pipeline TB,280,490,284,374,0x80000094,0x00f707b3,ALUR,1,15,0x8000013c,0,0x8000013c,0x00000008,0,0,0,0,0
pipeline_spike,Pipeline TB,281,490,285,375,0x80000098,0x0007a703,LOAD,1,14,0x00000001,0,0x8000013c,0x00000000,0,0,0,0,0
pipeline_spike,Pipeline TB,282,490,286,376,0x8000009c,0x800007b7,LUI,1,15,0x80000000,0,0x80000000,0x00000000,0,0,0,0,0
pipeline_spike,Pipeline TB,283,490,287,377,0x800000a0,0x13478693,ALUI,1,13,0x80000134,0,0x80000134,0x00000000,0,0,0,0,0
pipeline_spike,Pipeline TB,284,490,288,378,0x800000a4,0xfe842783,LOAD,1,15,0x00000001,0,0x8000ffe8,0x80010000,0,0,0,0,0
pipeline_spike,Pipeline TB,285,490,289,380,0x800000a8,0x00279793,ALUI,1,15,0x00000004,0,0x00000004,0x8000ffe0,0,0,0,0,0
pipeline_spike,Pipeline TB,286,490,290,381,0x800000ac,0x00f687b3,ALUR,1,15,0x80000138,0,0x80000138,0x00000004,0,0,0,0,0
pipeline_spike,Pipeline TB,287,490,291,382,0x800000b0,0x00e7a023,STORE,0,0,0x80000138,1,0x80000138,0x00000001,0,0,0,0,0
pipeline_spike,Pipeline TB,288,490,292,383,0x800000b4,0xfe842783,LOAD,1,15,0x00000001,0,0x8000ffe8,0x80010000,0,0,0,0,0
pipeline_spike,Pipeline TB,289,490,293,385,0x800000b8,0x00178793,ALUI,1,15,0x00000002,0,0x00000002,0x8000000c,0,0,0,0,0
pipeline_spike,Pipeline TB,290,490,294,386,0x800000bc,0x80000737,LUI,1,14,0x80000000,0,0x80000000,0x00000000,0,0,0,0,0
pipeline_spike,Pipeline TB,291,490,295,387,0x800000c0,0x13470713,ALUI,1,14,0x80000134,0,0x80000134,0x00000000,0,0,0,0,0
pipeline_spike,Pipeline TB,292,490,296,388,0x800000c4,0x00279793,ALUI,1,15,0x00000008,0,0x00000008,0x8000ffe0,0,0,0,0,0
pipeline_spike,Pipeline TB,293,490,297,389,0x800000c8,0x00f707b3,ALUR,1,15,0x8000013c,0,0x8000013c,0x00000008,0,0,0,0,0
pipeline_spike,Pipeline TB,294,490,298,390,0x800000cc,0xfe442703,LOAD,1,14,0x00000007,0,0x8000ffe4,0x00000000,0,0,0,0,0
pipeline_spike,Pipeline TB,295,490,299,392,0x800000d0,0x00e7a023,STORE,0,0,0x8000013c,1,0x8000013c,0x00000007,0,0,0,0,0
pipeline_spike,Pipeline TB,296,490,300,393,0x800000d4,0xfe842783,LOAD,1,15,0x00000001,0,0x8000ffe8,0x80010000,0,0,0,0,0
pipeline_spike,Pipeline TB,297,490,301,395,0x800000d8,0x00178793,ALUI,1,15,0x00000002,0,0x00000002,0x8000000c,0,0,0,0,0
pipeline_spike,Pipeline TB,298,490,302,396,0x800000dc,0xfef42423,STORE,0,8,0x8000ffe8,1,0x8000ffe8,0x00000002,0,0,0,0,0
pipeline_spike,Pipeline TB,299,490,303,397,0x800000e0,0x00400713,ALUI,1,14,0x00000004,0,0x00000004,0x00000000,0,0,0,0,0
pipeline_spike,Pipeline TB,300,490,304,398,0x800000e4,0xfec42783,LOAD,1,15,0x00000001,0,0x8000ffec,0x00000000,0,0,0,0,0
pipeline_spike,Pipeline TB,301,490,305,400,0x800000e8,0x40f707b3,ALUR,1,15,0x00000003,0,0x00000003,0x00000001,0,0,0,0,0
pipeline_spike,Pipeline TB,302,490,306,401,0x800000ec,0xfe842703,LOAD,1,14,0x00000002,0,0x8000ffe8,0x80010000,0,0,0,0,0
pipeline_spike,Pipeline TB,303,490,307,403,0x800000f0,0xf2f74ee3,BRANCH,0,29,0x00000005,0,0x00000005,0x00000003,0,0,0,0,0
pipeline_spike,Pipeline TB,304,490,308,406,0x8000002c,0x800007b7,LUI,1,15,0x80000000,0,0x80000000,0x00000000,0,0,0,0,0
pipeline_spike,Pipeline TB,305,490,309,407,0x80000030,0x13478713,ALUI,1,14,0x80000134,0,0x80000134,0x00000000,0,0,0,0,0
pipeline_spike,Pipeline TB,306,490,310,408,0x80000034,0xfe842783,LOAD,1,15,0x00000002,0,0x8000ffe8,0x80010000,0,0,0,0,0
pipeline_spike,Pipeline TB,307,490,311,410,0x80000038,0x00279793,ALUI,1,15,0x00000008,0,0x00000008,0x8000ffe0,0,0,0,0,0
pipeline_spike,Pipeline TB,308,490,312,411,0x8000003c,0x00f707b3,ALUR,1,15,0x8000013c,0,0x8000013c,0x00000008,0,0,0,0,0
pipeline_spike,Pipeline TB,309,490,313,412,0x80000040,0x0007a703,LOAD,1,14,0x00000007,0,0x8000013c,0x00000000,0,0,0,0,0
pipeline_spike,Pipeline TB,310,490,314,413,0x80000044,0xfe842783,LOAD,1,15,0x00000002,0,0x8000ffe8,0x80010000,0,0,0,0,0
pipeline_spike,Pipeline TB,311,490,315,415,0x80000048,0x00178793,ALUI,1,15,0x00000003,0,0x00000003,0x8000000c,0,0,0,0,0
pipeline_spike,Pipeline TB,312,490,316,416,0x8000004c,0x800006b7,LUI,1,13,0x80000000,0,0x80000000,0x00000000,0,0,0,0,0
pipeline_spike,Pipeline TB,313,490,317,417,0x80000050,0x13468693,ALUI,1,13,0x80000134,0,0x80000134,0x00000000,0,0,0,0,0
pipeline_spike,Pipeline TB,314,490,318,418,0x80000054,0x00279793,ALUI,1,15,0x0000000c,0,0x0000000c,0x8000ffe0,0,0,0,0,0
pipeline_spike,Pipeline TB,315,490,319,419,0x80000058,0x00f687b3,ALUR,1,15,0x80000140,0,0x80000140,0x0000000c,0,0,0,0,0
pipeline_spike,Pipeline TB,316,490,320,420,0x8000005c,0x0007a783,LOAD,1,15,0x00000005,0,0x80000140,0x00000000,0,0,0,0,0
pipeline_spike,Pipeline TB,317,490,321,422,0x80000060,0x06e7da63,BRANCH,0,20,0x0000000c,0,0x0000000c,0x00000007,0,0,0,0,0
pipeline_spike,Pipeline TB,318,490,322,423,0x80000064,0x800007b7,LUI,1,15,0x80000000,0,0x80000000,0x00000000,0,0,0,0,0
pipeline_spike,Pipeline TB,319,490,323,424,0x80000068,0x13478713,ALUI,1,14,0x80000134,0,0x80000134,0x00000000,0,0,0,0,0
pipeline_spike,Pipeline TB,320,490,324,425,0x8000006c,0xfe842783,LOAD,1,15,0x00000002,0,0x8000ffe8,0x80010000,0,0,0,0,0
pipeline_spike,Pipeline TB,321,490,325,427,0x80000070,0x00279793,ALUI,1,15,0x00000008,0,0x00000008,0x8000ffe0,0,0,0,0,0
pipeline_spike,Pipeline TB,322,490,326,428,0x80000074,0x00f707b3,ALUR,1,15,0x8000013c,0,0x8000013c,0x00000008,0,0,0,0,0
pipeline_spike,Pipeline TB,323,490,327,429,0x80000078,0x0007a783,LOAD,1,15,0x00000007,0,0x8000013c,0x00000000,0,0,0,0,0
pipeline_spike,Pipeline TB,324,490,328,431,0x8000007c,0xfef42223,STORE,0,4,0x8000ffe4,1,0x8000ffe4,0x00000007,0,0,0,0,0
pipeline_spike,Pipeline TB,325,490,329,432,0x80000080,0xfe842783,LOAD,1,15,0x00000002,0,0x8000ffe8,0x80010000,0,0,0,0,0
pipeline_spike,Pipeline TB,326,490,330,434,0x80000084,0x00178793,ALUI,1,15,0x00000003,0,0x00000003,0x8000000c,0,0,0,0,0
pipeline_spike,Pipeline TB,327,490,331,435,0x80000088,0x80000737,LUI,1,14,0x80000000,0,0x80000000,0x00000000,0,0,0,0,0
pipeline_spike,Pipeline TB,328,490,332,436,0x8000008c,0x13470713,ALUI,1,14,0x80000134,0,0x80000134,0x00000000,0,0,0,0,0
pipeline_spike,Pipeline TB,329,490,333,437,0x80000090,0x00279793,ALUI,1,15,0x0000000c,0,0x0000000c,0x8000ffe0,0,0,0,0,0
pipeline_spike,Pipeline TB,330,490,334,438,0x80000094,0x00f707b3,ALUR,1,15,0x80000140,0,0x80000140,0x0000000c,0,0,0,0,0
pipeline_spike,Pipeline TB,331,490,335,439,0x80000098,0x0007a703,LOAD,1,14,0x00000005,0,0x80000140,0x00000000,0,0,0,0,0
pipeline_spike,Pipeline TB,332,490,336,440,0x8000009c,0x800007b7,LUI,1,15,0x80000000,0,0x80000000,0x00000000,0,0,0,0,0
pipeline_spike,Pipeline TB,333,490,337,441,0x800000a0,0x13478693,ALUI,1,13,0x80000134,0,0x80000134,0x00000000,0,0,0,0,0
pipeline_spike,Pipeline TB,334,490,338,442,0x800000a4,0xfe842783,LOAD,1,15,0x00000002,0,0x8000ffe8,0x80010000,0,0,0,0,0
pipeline_spike,Pipeline TB,335,490,339,444,0x800000a8,0x00279793,ALUI,1,15,0x00000008,0,0x00000008,0x8000ffe0,0,0,0,0,0
pipeline_spike,Pipeline TB,336,490,340,445,0x800000ac,0x00f687b3,ALUR,1,15,0x8000013c,0,0x8000013c,0x00000008,0,0,0,0,0
pipeline_spike,Pipeline TB,337,490,341,446,0x800000b0,0x00e7a023,STORE,0,0,0x8000013c,1,0x8000013c,0x00000005,0,0,0,0,0
pipeline_spike,Pipeline TB,338,490,342,447,0x800000b4,0xfe842783,LOAD,1,15,0x00000002,0,0x8000ffe8,0x80010000,0,0,0,0,0
pipeline_spike,Pipeline TB,339,490,343,449,0x800000b8,0x00178793,ALUI,1,15,0x00000003,0,0x00000003,0x8000000c,0,0,0,0,0
pipeline_spike,Pipeline TB,340,490,344,450,0x800000bc,0x80000737,LUI,1,14,0x80000000,0,0x80000000,0x00000000,0,0,0,0,0
pipeline_spike,Pipeline TB,341,490,345,451,0x800000c0,0x13470713,ALUI,1,14,0x80000134,0,0x80000134,0x00000000,0,0,0,0,0
pipeline_spike,Pipeline TB,342,490,346,452,0x800000c4,0x00279793,ALUI,1,15,0x0000000c,0,0x0000000c,0x8000ffe0,0,0,0,0,0
pipeline_spike,Pipeline TB,343,490,347,453,0x800000c8,0x00f707b3,ALUR,1,15,0x80000140,0,0x80000140,0x0000000c,0,0,0,0,0
pipeline_spike,Pipeline TB,344,490,348,454,0x800000cc,0xfe442703,LOAD,1,14,0x00000007,0,0x8000ffe4,0x00000000,0,0,0,0,0
pipeline_spike,Pipeline TB,345,490,349,456,0x800000d0,0x00e7a023,STORE,0,0,0x80000140,1,0x80000140,0x00000007,0,0,0,0,0
pipeline_spike,Pipeline TB,346,490,350,457,0x800000d4,0xfe842783,LOAD,1,15,0x00000002,0,0x8000ffe8,0x80010000,0,0,0,0,0
pipeline_spike,Pipeline TB,347,490,351,459,0x800000d8,0x00178793,ALUI,1,15,0x00000003,0,0x00000003,0x8000000c,0,0,0,0,0
pipeline_spike,Pipeline TB,348,490,352,460,0x800000dc,0xfef42423,STORE,0,8,0x8000ffe8,1,0x8000ffe8,0x00000003,0,0,0,0,0
pipeline_spike,Pipeline TB,349,490,353,461,0x800000e0,0x00400713,ALUI,1,14,0x00000004,0,0x00000004,0x00000000,0,0,0,0,0
pipeline_spike,Pipeline TB,350,490,354,462,0x800000e4,0xfec42783,LOAD,1,15,0x00000001,0,0x8000ffec,0x00000000,0,0,0,0,0
pipeline_spike,Pipeline TB,351,490,355,464,0x800000e8,0x40f707b3,ALUR,1,15,0x00000003,0,0x00000003,0x00000001,0,0,0,0,0
pipeline_spike,Pipeline TB,352,490,356,465,0x800000ec,0xfe842703,LOAD,1,14,0x00000003,0,0x8000ffe8,0x80010000,0,0,0,0,0
pipeline_spike,Pipeline TB,353,490,357,467,0x800000f0,0xf2f74ee3,BRANCH,0,29,0x00000006,0,0x00000006,0x00000003,0,0,0,0,0
pipeline_spike,Pipeline TB,354,490,358,468,0x800000f4,0xfec42783,LOAD,1,15,0x00000001,0,0x8000ffec,0x00000000,0,0,0,0,0
pipeline_spike,Pipeline TB,355,490,359,470,0x800000f8,0x00178793,ALUI,1,15,0x00000002,0,0x00000002,0x8000000c,0,0,0,0,0
pipeline_spike,Pipeline TB,356,490,360,471,0x800000fc,0xfef42623,STORE,0,12,0x8000ffec,1,0x8000ffec,0x00000002,0,0,0,0,0
pipeline_spike,Pipeline TB,357,490,361,472,0x80000100,0xfec42703,LOAD,1,14,0x00000002,0,0x8000ffec,0x00000000,0,0,0,0,0
pipeline_spike,Pipeline TB,358,490,362,473,0x80000104,0x00300793,ALUI,1,15,0x00000003,0,0x00000003,0x00000000,0,0,0,0,0
pipeline_spike,Pipeline TB,359,490,363,474,0x80000108,0xf0e7dee3,BRANCH,0,29,0x00000005,0,0x00000005,0x00000002,0,0,0,0,0
pipeline_spike,Pipeline TB,360,490,364,477,0x80000024,0xfe042423,STORE,0,8,0x8000ffe8,1,0x8000ffe8,0x00000000,0,0,0,0,0
pipeline_spike,Pipeline TB,361,490,365,478,0x80000028,0x0b80006f,JAL,1,0,0x8000002c,0,0x00000000,0x00000000,0,0,0,0,0
pipeline_spike,Pipeline TB,362,490,366,481,0x800000e0,0x00400713,ALUI,1,14,0x00000004,0,0x00000004,0x00000000,0,0,0,0,0
pipeline_spike,Pipeline TB,363,490,367,482,0x800000e4,0xfec42783,LOAD,1,15,0x00000002,0,0x8000ffec,0x00000000,0,0,0,0,0
pipeline_spike,Pipeline TB,364,490,368,484,0x800000e8,0x40f707b3,ALUR,1,15,0x00000002,0,0x00000002,0x00000002,0,0,0,0,0
pipeline_spike,Pipeline TB,365,490,369,485,0x800000ec,0xfe842703,LOAD,1,14,0x00000000,0,0x8000ffe8,0x80010000,0,0,0,0,0
pipeline_spike,Pipeline TB,366,490,370,487,0x800000f0,0xf2f74ee3,BRANCH,0,29,0x00000002,0,0x00000002,0x00000002,0,0,0,0,0
pipeline_spike,Pipeline TB,367,490,371,490,0x8000002c,0x800007b7,LUI,1,15,0x80000000,0,0x80000000,0x00000000,0,0,0,0,0
pipeline_spike,Pipeline TB,368,490,372,491,0x80000030,0x13478713,ALUI,1,14,0x80000134,0,0x80000134,0x00000000,0,0,0,0,0
pipeline_spike,Pipeline TB,369,490,373,492,0x80000034,0xfe842783,LOAD,1,15,0x00000000,0,0x8000ffe8,0x80010000,0,0,0,0,0
pipeline_spike,Pipeline TB,370,490,374,494,0x80000038,0x00279793,ALUI,1,15,0x00000000,0,0x00000000,0x8000ffe0,0,0,0,0,0
pipeline_spike,Pipeline TB,371,490,375,495,0x8000003c,0x00f707b3,ALUR,1,15,0x80000134,0,0x80000134,0x00000000,0,0,0,0,0
pipeline_spike,Pipeline TB,372,490,376,496,0x80000040,0x0007a703,LOAD,1,14,0x00000003,0,0x80000134,0x00000000,0,0,0,0,0
pipeline_spike,Pipeline TB,373,490,377,497,0x80000044,0xfe842783,LOAD,1,15,0x00000000,0,0x8000ffe8,0x80010000,0,0,0,0,0
pipeline_spike,Pipeline TB,374,490,378,499,0x80000048,0x00178793,ALUI,1,15,0x00000001,0,0x00000001,0x8000000c,0,0,0,0,0
pipeline_spike,Pipeline TB,375,490,379,500,0x8000004c,0x800006b7,LUI,1,13,0x80000000,0,0x80000000,0x00000000,0,0,0,0,0
pipeline_spike,Pipeline TB,376,490,380,501,0x80000050,0x13468693,ALUI,1,13,0x80000134,0,0x80000134,0x00000000,0,0,0,0,0
pipeline_spike,Pipeline TB,377,490,381,502,0x80000054,0x00279793,ALUI,1,15,0x00000004,0,0x00000004,0x8000ffe0,0,0,0,0,0
pipeline_spike,Pipeline TB,378,490,382,503,0x80000058,0x00f687b3,ALUR,1,15,0x80000138,0,0x80000138,0x00000004,0,0,0,0,0
pipeline_spike,Pipeline TB,379,490,383,504,0x8000005c,0x0007a783,LOAD,1,15,0x00000001,0,0x80000138,0x00000000,0,0,0,0,0
pipeline_spike,Pipeline TB,380,490,384,506,0x80000060,0x06e7da63,BRANCH,0,20,0x00000004,0,0x00000004,0x00000003,0,0,0,0,0
pipeline_spike,Pipeline TB,381,490,385,507,0x80000064,0x800007b7,LUI,1,15,0x80000000,0,0x80000000,0x00000000,0,0,0,0,0
pipeline_spike,Pipeline TB,382,490,386,508,0x80000068,0x13478713,ALUI,1,14,0x80000134,0,0x80000134,0x00000000,0,0,0,0,0
pipeline_spike,Pipeline TB,383,490,387,509,0x8000006c,0xfe842783,LOAD,1,15,0x00000000,0,0x8000ffe8,0x80010000,0,0,0,0,0
pipeline_spike,Pipeline TB,384,490,388,511,0x80000070,0x00279793,ALUI,1,15,0x00000000,0,0x00000000,0x8000ffe0,0,0,0,0,0
pipeline_spike,Pipeline TB,385,490,389,512,0x80000074,0x00f707b3,ALUR,1,15,0x80000134,0,0x80000134,0x00000000,0,0,0,0,0
pipeline_spike,Pipeline TB,386,490,390,513,0x80000078,0x0007a783,LOAD,1,15,0x00000003,0,0x80000134,0x00000000,0,0,0,0,0
pipeline_spike,Pipeline TB,387,490,391,515,0x8000007c,0xfef42223,STORE,0,4,0x8000ffe4,1,0x8000ffe4,0x00000003,0,0,0,0,0
pipeline_spike,Pipeline TB,388,490,392,516,0x80000080,0xfe842783,LOAD,1,15,0x00000000,0,0x8000ffe8,0x80010000,0,0,0,0,0
pipeline_spike,Pipeline TB,389,490,393,518,0x80000084,0x00178793,ALUI,1,15,0x00000001,0,0x00000001,0x8000000c,0,0,0,0,0
pipeline_spike,Pipeline TB,390,490,394,519,0x80000088,0x80000737,LUI,1,14,0x80000000,0,0x80000000,0x00000000,0,0,0,0,0
pipeline_spike,Pipeline TB,391,490,395,520,0x8000008c,0x13470713,ALUI,1,14,0x80000134,0,0x80000134,0x00000000,0,0,0,0,0
pipeline_spike,Pipeline TB,392,490,396,521,0x80000090,0x00279793,ALUI,1,15,0x00000004,0,0x00000004,0x8000ffe0,0,0,0,0,0
pipeline_spike,Pipeline TB,393,490,397,522,0x80000094,0x00f707b3,ALUR,1,15,0x80000138,0,0x80000138,0x00000004,0,0,0,0,0
pipeline_spike,Pipeline TB,394,490,398,523,0x80000098,0x0007a703,LOAD,1,14,0x00000001,0,0x80000138,0x00000000,0,0,0,0,0
pipeline_spike,Pipeline TB,395,490,399,524,0x8000009c,0x800007b7,LUI,1,15,0x80000000,0,0x80000000,0x00000000,0,0,0,0,0
pipeline_spike,Pipeline TB,396,490,400,525,0x800000a0,0x13478693,ALUI,1,13,0x80000134,0,0x80000134,0x00000000,0,0,0,0,0
pipeline_spike,Pipeline TB,397,490,401,526,0x800000a4,0xfe842783,LOAD,1,15,0x00000000,0,0x8000ffe8,0x80010000,0,0,0,0,0
pipeline_spike,Pipeline TB,398,490,402,528,0x800000a8,0x00279793,ALUI,1,15,0x00000000,0,0x00000000,0x8000ffe0,0,0,0,0,0
pipeline_spike,Pipeline TB,399,490,403,529,0x800000ac,0x00f687b3,ALUR,1,15,0x80000134,0,0x80000134,0x00000000,0,0,0,0,0
pipeline_spike,Pipeline TB,400,490,404,530,0x800000b0,0x00e7a023,STORE,0,0,0x80000134,1,0x80000134,0x00000001,0,0,0,0,0
pipeline_spike,Pipeline TB,401,490,405,531,0x800000b4,0xfe842783,LOAD,1,15,0x00000000,0,0x8000ffe8,0x80010000,0,0,0,0,0
pipeline_spike,Pipeline TB,402,490,406,533,0x800000b8,0x00178793,ALUI,1,15,0x00000001,0,0x00000001,0x8000000c,0,0,0,0,0
pipeline_spike,Pipeline TB,403,490,407,534,0x800000bc,0x80000737,LUI,1,14,0x80000000,0,0x80000000,0x00000000,0,0,0,0,0
pipeline_spike,Pipeline TB,404,490,408,535,0x800000c0,0x13470713,ALUI,1,14,0x80000134,0,0x80000134,0x00000000,0,0,0,0,0
pipeline_spike,Pipeline TB,405,490,409,536,0x800000c4,0x00279793,ALUI,1,15,0x00000004,0,0x00000004,0x8000ffe0,0,0,0,0,0
pipeline_spike,Pipeline TB,406,490,410,537,0x800000c8,0x00f707b3,ALUR,1,15,0x80000138,0,0x80000138,0x00000004,0,0,0,0,0
pipeline_spike,Pipeline TB,407,490,411,538,0x800000cc,0xfe442703,LOAD,1,14,0x00000003,0,0x8000ffe4,0x00000000,0,0,0,0,0
pipeline_spike,Pipeline TB,408,490,412,540,0x800000d0,0x00e7a023,STORE,0,0,0x80000138,1,0x80000138,0x00000003,0,0,0,0,0
pipeline_spike,Pipeline TB,409,490,413,541,0x800000d4,0xfe842783,LOAD,1,15,0x00000000,0,0x8000ffe8,0x80010000,0,0,0,0,0
pipeline_spike,Pipeline TB,410,490,414,543,0x800000d8,0x00178793,ALUI,1,15,0x00000001,0,0x00000001,0x8000000c,0,0,0,0,0
pipeline_spike,Pipeline TB,411,490,415,544,0x800000dc,0xfef42423,STORE,0,8,0x8000ffe8,1,0x8000ffe8,0x00000001,0,0,0,0,0
pipeline_spike,Pipeline TB,412,490,416,545,0x800000e0,0x00400713,ALUI,1,14,0x00000004,0,0x00000004,0x00000000,0,0,0,0,0
pipeline_spike,Pipeline TB,413,490,417,546,0x800000e4,0xfec42783,LOAD,1,15,0x00000002,0,0x8000ffec,0x00000000,0,0,0,0,0
pipeline_spike,Pipeline TB,414,490,418,548,0x800000e8,0x40f707b3,ALUR,1,15,0x00000002,0,0x00000002,0x00000002,0,0,0,0,0
pipeline_spike,Pipeline TB,415,490,419,549,0x800000ec,0xfe842703,LOAD,1,14,0x00000001,0,0x8000ffe8,0x80010000,0,0,0,0,0
pipeline_spike,Pipeline TB,416,490,420,551,0x800000f0,0xf2f74ee3,BRANCH,0,29,0x00000003,0,0x00000003,0x00000002,0,0,0,0,0
pipeline_spike,Pipeline TB,417,490,421,554,0x8000002c,0x800007b7,LUI,1,15,0x80000000,0,0x80000000,0x00000000,0,0,0,0,0
pipeline_spike,Pipeline TB,418,490,422,555,0x80000030,0x13478713,ALUI,1,14,0x80000134,0,0x80000134,0x00000000,0,0,0,0,0
pipeline_spike,Pipeline TB,419,490,423,556,0x80000034,0xfe842783,LOAD,1,15,0x00000001,0,0x8000ffe8,0x80010000,0,0,0,0,0
pipeline_spike,Pipeline TB,420,490,424,558,0x80000038,0x00279793,ALUI,1,15,0x00000004,0,0x00000004,0x8000ffe0,0,0,0,0,0
pipeline_spike,Pipeline TB,421,490,425,559,0x8000003c,0x00f707b3,ALUR,1,15,0x80000138,0,0x80000138,0x00000004,0,0,0,0,0
pipeline_spike,Pipeline TB,422,490,426,560,0x80000040,0x0007a703,LOAD,1,14,0x00000003,0,0x80000138,0x00000000,0,0,0,0,0
pipeline_spike,Pipeline TB,423,490,427,561,0x80000044,0xfe842783,LOAD,1,15,0x00000001,0,0x8000ffe8,0x80010000,0,0,0,0,0
pipeline_spike,Pipeline TB,424,490,428,563,0x80000048,0x00178793,ALUI,1,15,0x00000002,0,0x00000002,0x8000000c,0,0,0,0,0
pipeline_spike,Pipeline TB,425,490,429,564,0x8000004c,0x800006b7,LUI,1,13,0x80000000,0,0x80000000,0x00000000,0,0,0,0,0
pipeline_spike,Pipeline TB,426,490,430,565,0x80000050,0x13468693,ALUI,1,13,0x80000134,0,0x80000134,0x00000000,0,0,0,0,0
pipeline_spike,Pipeline TB,427,490,431,566,0x80000054,0x00279793,ALUI,1,15,0x00000008,0,0x00000008,0x8000ffe0,0,0,0,0,0
pipeline_spike,Pipeline TB,428,490,432,567,0x80000058,0x00f687b3,ALUR,1,15,0x8000013c,0,0x8000013c,0x00000008,0,0,0,0,0
pipeline_spike,Pipeline TB,429,490,433,568,0x8000005c,0x0007a783,LOAD,1,15,0x00000005,0,0x8000013c,0x00000000,0,0,0,0,0
pipeline_spike,Pipeline TB,430,490,434,570,0x80000060,0x06e7da63,BRANCH,0,20,0x00000008,0,0x00000008,0x00000003,0,0,0,0,0
pipeline_spike,Pipeline TB,431,490,435,573,0x800000d4,0xfe842783,LOAD,1,15,0x00000001,0,0x8000ffe8,0x80010000,0,0,0,0,0
pipeline_spike,Pipeline TB,432,490,436,575,0x800000d8,0x00178793,ALUI,1,15,0x00000002,0,0x00000002,0x8000000c,0,0,0,0,0
pipeline_spike,Pipeline TB,433,490,437,576,0x800000dc,0xfef42423,STORE,0,8,0x8000ffe8,1,0x8000ffe8,0x00000002,0,0,0,0,0
pipeline_spike,Pipeline TB,434,490,438,577,0x800000e0,0x00400713,ALUI,1,14,0x00000004,0,0x00000004,0x00000000,0,0,0,0,0
pipeline_spike,Pipeline TB,435,490,439,578,0x800000e4,0xfec42783,LOAD,1,15,0x00000002,0,0x8000ffec,0x00000000,0,0,0,0,0
pipeline_spike,Pipeline TB,436,490,440,580,0x800000e8,0x40f707b3,ALUR,1,15,0x00000002,0,0x00000002,0x00000002,0,0,0,0,0
pipeline_spike,Pipeline TB,437,490,441,581,0x800000ec,0xfe842703,LOAD,1,14,0x00000002,0,0x8000ffe8,0x80010000,0,0,0,0,0
pipeline_spike,Pipeline TB,438,490,442,583,0x800000f0,0xf2f74ee3,BRANCH,0,29,0x00000004,0,0x00000004,0x00000002,0,0,0,0,0
pipeline_spike,Pipeline TB,439,490,443,584,0x800000f4,0xfec42783,LOAD,1,15,0x00000002,0,0x8000ffec,0x00000000,0,0,0,0,0
pipeline_spike,Pipeline TB,440,490,444,586,0x800000f8,0x00178793,ALUI,1,15,0x00000003,0,0x00000003,0x8000000c,0,0,0,0,0
pipeline_spike,Pipeline TB,441,490,445,587,0x800000fc,0xfef42623,STORE,0,12,0x8000ffec,1,0x8000ffec,0x00000003,0,0,0,0,0
pipeline_spike,Pipeline TB,442,490,446,588,0x80000100,0xfec42703,LOAD,1,14,0x00000003,0,0x8000ffec,0x00000000,0,0,0,0,0
pipeline_spike,Pipeline TB,443,490,447,589,0x80000104,0x00300793,ALUI,1,15,0x00000003,0,0x00000003,0x00000000,0,0,0,0,0
pipeline_spike,Pipeline TB,444,490,448,590,0x80000108,0xf0e7dee3,BRANCH,0,29,0x00000006,0,0x00000006,0x00000003,0,0,0,0,0
pipeline_spike,Pipeline TB,445,490,449,593,0x80000024,0xfe042423,STORE,0,8,0x8000ffe8,1,0x8000ffe8,0x00000000,0,0,0,0,0
pipeline_spike,Pipeline TB,446,490,450,594,0x80000028,0x0b80006f,JAL,1,0,0x8000002c,0,0x00000000,0x00000000,0,0,0,0,0
pipeline_spike,Pipeline TB,447,490,451,597,0x800000e0,0x00400713,ALUI,1,14,0x00000004,0,0x00000004,0x00000000,0,0,0,0,0
pipeline_spike,Pipeline TB,448,490,452,598,0x800000e4,0xfec42783,LOAD,1,15,0x00000003,0,0x8000ffec,0x00000000,0,0,0,0,0
pipeline_spike,Pipeline TB,449,490,453,600,0x800000e8,0x40f707b3,ALUR,1,15,0x00000001,0,0x00000001,0x00000003,0,0,0,0,0
pipeline_spike,Pipeline TB,450,490,454,601,0x800000ec,0xfe842703,LOAD,1,14,0x00000000,0,0x8000ffe8,0x80010000,0,0,0,0,0
pipeline_spike,Pipeline TB,451,490,455,603,0x800000f0,0xf2f74ee3,BRANCH,0,29,0x00000001,0,0x00000001,0x00000001,0,0,0,0,0
pipeline_spike,Pipeline TB,452,490,456,606,0x8000002c,0x800007b7,LUI,1,15,0x80000000,0,0x80000000,0x00000000,0,0,0,0,0
pipeline_spike,Pipeline TB,453,490,457,607,0x80000030,0x13478713,ALUI,1,14,0x80000134,0,0x80000134,0x00000000,0,0,0,0,0
pipeline_spike,Pipeline TB,454,490,458,608,0x80000034,0xfe842783,LOAD,1,15,0x00000000,0,0x8000ffe8,0x80010000,0,0,0,0,0
pipeline_spike,Pipeline TB,455,490,459,610,0x80000038,0x00279793,ALUI,1,15,0x00000000,0,0x00000000,0x8000ffe0,0,0,0,0,0
pipeline_spike,Pipeline TB,456,490,460,611,0x8000003c,0x00f707b3,ALUR,1,15,0x80000134,0,0x80000134,0x00000000,0,0,0,0,0
pipeline_spike,Pipeline TB,457,490,461,612,0x80000040,0x0007a703,LOAD,1,14,0x00000001,0,0x80000134,0x00000000,0,0,0,0,0
pipeline_spike,Pipeline TB,458,490,462,613,0x80000044,0xfe842783,LOAD,1,15,0x00000000,0,0x8000ffe8,0x80010000,0,0,0,0,0
pipeline_spike,Pipeline TB,459,490,463,615,0x80000048,0x00178793,ALUI,1,15,0x00000001,0,0x00000001,0x8000000c,0,0,0,0,0
pipeline_spike,Pipeline TB,460,490,464,616,0x8000004c,0x800006b7,LUI,1,13,0x80000000,0,0x80000000,0x00000000,0,0,0,0,0
pipeline_spike,Pipeline TB,461,490,465,617,0x80000050,0x13468693,ALUI,1,13,0x80000134,0,0x80000134,0x00000000,0,0,0,0,0
pipeline_spike,Pipeline TB,462,490,466,618,0x80000054,0x00279793,ALUI,1,15,0x00000004,0,0x00000004,0x8000ffe0,0,0,0,0,0
pipeline_spike,Pipeline TB,463,490,467,619,0x80000058,0x00f687b3,ALUR,1,15,0x80000138,0,0x80000138,0x00000004,0,0,0,0,0
pipeline_spike,Pipeline TB,464,490,468,620,0x8000005c,0x0007a783,LOAD,1,15,0x00000003,0,0x80000138,0x00000000,0,0,0,0,0
pipeline_spike,Pipeline TB,465,490,469,622,0x80000060,0x06e7da63,BRANCH,0,20,0x00000004,0,0x00000004,0x00000001,0,0,0,0,0
pipeline_spike,Pipeline TB,466,490,470,625,0x800000d4,0xfe842783,LOAD,1,15,0x00000000,0,0x8000ffe8,0x80010000,0,0,0,0,0
pipeline_spike,Pipeline TB,467,490,471,627,0x800000d8,0x00178793,ALUI,1,15,0x00000001,0,0x00000001,0x8000000c,0,0,0,0,0
pipeline_spike,Pipeline TB,468,490,472,628,0x800000dc,0xfef42423,STORE,0,8,0x8000ffe8,1,0x8000ffe8,0x00000001,0,0,0,0,0
pipeline_spike,Pipeline TB,469,490,473,629,0x800000e0,0x00400713,ALUI,1,14,0x00000004,0,0x00000004,0x00000000,0,0,0,0,0
pipeline_spike,Pipeline TB,470,490,474,630,0x800000e4,0xfec42783,LOAD,1,15,0x00000003,0,0x8000ffec,0x00000000,0,0,0,0,0
pipeline_spike,Pipeline TB,471,490,475,632,0x800000e8,0x40f707b3,ALUR,1,15,0x00000001,0,0x00000001,0x00000003,0,0,0,0,0
pipeline_spike,Pipeline TB,472,490,476,633,0x800000ec,0xfe842703,LOAD,1,14,0x00000001,0,0x8000ffe8,0x80010000,0,0,0,0,0
pipeline_spike,Pipeline TB,473,490,477,635,0x800000f0,0xf2f74ee3,BRANCH,0,29,0x00000002,0,0x00000002,0x00000001,0,0,0,0,0
pipeline_spike,Pipeline TB,474,490,478,636,0x800000f4,0xfec42783,LOAD,1,15,0x00000003,0,0x8000ffec,0x00000000,0,0,0,0,0
pipeline_spike,Pipeline TB,475,490,479,638,0x800000f8,0x00178793,ALUI,1,15,0x00000004,0,0x00000004,0x8000000c,0,0,0,0,0
pipeline_spike,Pipeline TB,476,490,480,639,0x800000fc,0xfef42623,STORE,0,12,0x8000ffec,1,0x8000ffec,0x00000004,0,0,0,0,0
pipeline_spike,Pipeline TB,477,490,481,640,0x80000100,0xfec42703,LOAD,1,14,0x00000004,0,0x8000ffec,0x00000000,0,0,0,0,0
pipeline_spike,Pipeline TB,478,490,482,641,0x80000104,0x00300793,ALUI,1,15,0x00000003,0,0x00000003,0x00000000,0,0,0,0,0
pipeline_spike,Pipeline TB,479,490,483,642,0x80000108,0xf0e7dee3,BRANCH,0,29,0x00000007,0,0x00000007,0x00000004,0,0,0,0,0
pipeline_spike,Pipeline TB,480,490,484,643,0x8000010c,0x800007b7,LUI,1,15,0x80000000,0,0x80000000,0x00000000,0,0,0,0,0
pipeline_spike,Pipeline TB,481,490,485,644,0x80000110,0x00100713,ALUI,1,14,0x00000001,0,0x00000001,0x8000000c,0,0,0,0,0
pipeline_spike,Pipeline TB,482,490,486,645,0x80000114,0x14e7a423,STORE,0,8,0x80000148,1,0x80000148,0x00000001,0,0,0,0,0
pipeline_spike,Pipeline TB,483,490,487,646,0x80000118,0x800007b7,LUI,1,15,0x80000000,0,0x80000000,0x00000000,0,0,0,0,0
pipeline_spike,Pipeline TB,484,490,488,647,0x8000011c,0x13478793,ALUI,1,15,0x80000134,0,0x80000134,0x00000000,0,0,0,0,0
pipeline_spike,Pipeline TB,485,490,489,648,0x80000120,0x0007a783,LOAD,1,15,0x00000001,0,0x80000134,0x00000000,0,0,0,0,0
pipeline_spike,Pipeline TB,486,490,490,650,0x80000124,0x00078513,ALUI,1,10,0x00000001,0,0x00000001,0x00000000,0,0,0,0,0
pipeline_spike,Pipeline TB,487,490,491,651,0x80000128,0x01c12403,LOAD,1,8,0x00000000,0,0x8000fffc,0x00000000,0,0,0,0,0
pipeline_spike,Pipeline TB,488,490,492,652,0x8000012c,0x02010113,ALUI,1,2,0x80010000,0,0x80010000,0x00000000,0,0,0,0,0
pipeline_spike,Pipeline TB,489,490,493,653,0x80000130,0x00008067,JALR,1,0,0x80000134,0,0x8000000c,0x00000000,0,0,0,0,0
pipeline_spike,Pipeline TB,490,490,494,656,0x8000000c,0x0000006f,JAL,1,0,0x80000010,0,0x00000000,0x00000000,0,0,0,0,0
