baud_sel,baud_rate,jitter_permille,jitter_percent,nominal_bit_ns,jitter_ns,short_bit_ns,long_bit_ns,short_baud_rate,long_baud_rate,short_baud_error_percent,long_baud_error_percent,passed,xsim_returncode,sim_wall_time_s,failure_reason
0,9600,0,0.0,104166.66666666667,0.0,104166.66666666667,104166.66666666667,9600.0,9600.0,0.0,0.0,1,0,2.58279037498869,
0,9600,10,1.0,104166.66666666667,1041.6666666666667,103125.0,105208.33333333334,9696.969696969696,9504.950495049505,1.0101010101009944,-0.990099009900991,1,0,2.717103807022795,
0,9600,20,2.0,104166.66666666667,2083.3333333333335,102083.33333333334,106250.0,9795.918367346938,9411.764705882353,2.0408163265305923,-1.9607843137254832,1,0,2.7122308459947817,
0,9600,30,3.0,104166.66666666667,3125.0,101041.66666666667,107291.66666666667,9896.907216494845,9320.388349514562,3.092783505154628,-2.912621359223311,1,0,2.6554285360034555,
0,9600,40,4.0,104166.66666666667,4166.666666666667,100000.0,108333.33333333334,10000.0,9230.76923076923,4.166666666666674,-3.8461538461538436,1,0,2.62344676599605,
0,9600,50,5.0,104166.66666666667,5208.333333333334,98958.33333333334,109375.0,10105.263157894737,9142.857142857143,5.263157894736836,-4.761904761904756,1,0,2.623973294044845,
0,9600,60,6.0,104166.66666666667,6250.0,97916.66666666667,110416.66666666667,10212.765957446809,9056.603773584906,6.382978723404253,-5.660377358490565,1,0,2.5784121030010283,
0,9600,70,7.0,104166.66666666667,7291.666666666667,96875.0,111458.33333333334,10322.58064516129,8971.96261682243,7.526881720430101,-6.542056074766355,1,0,2.666305069986265,
0,9600,80,8.0,104166.66666666667,8333.333333333334,95833.33333333334,112500.0,10434.782608695652,8888.888888888889,8.695652173913038,-7.4074074074074066,1,0,2.5619765919982456,
0,9600,90,9.0,104166.66666666667,9375.0,94791.66666666667,113541.66666666667,10549.450549450548,8807.339449541285,9.890109890109876,-8.25688073394495,1,0,2.627389253990259,
0,9600,100,10.0,104166.66666666667,10416.666666666668,93750.0,114583.33333333334,10666.666666666666,8727.272727272726,11.111111111111093,-9.090909090909104,1,0,2.5835412690066732,
0,9600,110,11.0,104166.66666666667,11458.333333333334,92708.33333333334,115625.0,10786.516853932582,8648.648648648648,12.35955056179774,-9.909909909909908,1,0,2.6221588940243237,
0,9600,120,12.0,104166.66666666667,12500.0,91666.66666666667,116666.66666666667,10909.090909090908,8571.42857142857,13.636363636363624,-10.71428571428572,1,0,2.568429963022936,
0,9600,130,13.0,104166.66666666667,13541.666666666668,90625.0,117708.33333333334,11034.48275862069,8495.575221238938,14.942528735632198,-11.504424778761058,1,0,2.6230888640275225,
0,9600,140,14.0,104166.66666666667,14583.333333333334,89583.33333333334,118750.0,11162.790697674418,8421.052631578947,16.279069767441847,-12.28070175438597,1,0,2.647466647962574,
0,9600,150,15.0,104166.66666666667,15625.0,88541.66666666667,119791.66666666667,11294.117647058823,8347.826086956522,17.647058823529417,-13.043478260869568,1,0,2.5965623250231147,
0,9600,160,16.0,104166.66666666667,16666.666666666668,87500.0,120833.33333333334,11428.57142857143,8275.862068965516,19.047619047619047,-13.793103448275868,1,0,2.5391967999748886,
0,9600,170,17.0,104166.66666666667,17708.333333333336,86458.33333333334,121875.0,11566.265060240963,8205.128205128205,20.48192771084336,-14.529914529914533,1,0,2.648537938017398,
0,9600,180,18.0,104166.66666666667,18750.0,85416.66666666667,122916.66666666667,11707.31707317073,8135.593220338983,21.95121951219512,-15.254237288135597,1,0,2.575290948036127,
0,9600,190,19.0,104166.66666666667,19791.666666666668,84375.0,123958.33333333334,11851.851851851852,8067.226890756302,23.456790123456784,-15.96638655462186,1,0,2.600076502014417,
0,9600,200,20.0,104166.66666666667,20833.333333333336,83333.33333333334,125000.0,11999.999999999998,8000.0,24.99999999999998,-16.666666666666664,1,0,2.542537214991171,
0,9600,210,21.0,104166.66666666667,21875.0,82291.66666666667,126041.66666666667,12151.898734177215,7933.884297520661,26.582278481012665,-17.355371900826455,1,0,2.5696104330127127,
0,9600,220,22.0,104166.66666666667,22916.666666666668,81250.0,127083.33333333334,12307.692307692309,7868.8524590163925,28.205128205128215,-18.032786885245912,1,0,2.5449278249870986,
0,9600,230,23.0,104166.66666666667,23958.333333333336,80208.33333333334,128125.0,12467.532467532466,7804.878048780488,29.87012987012987,-18.699186991869922,1,0,2.6197817270294763,
0,9600,240,24.0,104166.66666666667,25000.0,79166.66666666667,129166.66666666667,12631.57894736842,7741.935483870968,31.57894736842104,-19.354838709677413,1,0,2.557021140004508,
0,9600,250,25.0,104166.66666666667,26041.666666666668,78125.0,130208.33333333334,12800.0,7679.999999999999,33.33333333333333,-20.000000000000007,1,0,2.559233213949483,
0,9600,260,26.0,104166.66666666667,27083.333333333336,77083.33333333334,131250.0,12972.972972972972,7619.047619047619,35.13513513513511,-20.63492063492063,1,0,2.6059385769767687,
0,9600,270,27.0,104166.66666666667,28125.0,76041.66666666667,132291.6666666667,13150.684931506848,7559.0551181102355,36.98630136986301,-21.259842519685044,1,0,2.6908765750122257,
0,9600,280,28.0,104166.66666666667,29166.666666666668,75000.0,133333.33333333334,13333.333333333334,7499.999999999999,38.88888888888891,-21.87500000000001,1,0,2.5788260139524937,
0,9600,290,29.0,104166.66666666667,30208.333333333336,73958.33333333334,134375.0,13521.126760563378,7441.860465116279,40.8450704225352,-22.480620155038768,1,0,2.5678099060314707,
0,9600,300,30.0,104166.66666666667,31250.0,72916.66666666667,135416.6666666667,13714.285714285714,7384.615384615384,42.85714285714286,-23.076923076923084,1,0,2.477086169004906,
0,9600,310,31.0,104166.66666666667,32291.666666666668,71875.0,136458.33333333334,13913.04347826087,7328.24427480916,44.927536231884055,-23.664122137404586,1,0,2.5735220269998536,
0,9600,320,32.0,104166.66666666667,33333.333333333336,70833.33333333334,137500.0,14117.647058823528,7272.727272727273,47.058823529411754,-24.242424242424242,1,0,2.5792435629991814,
0,9600,330,33.0,104166.66666666667,34375.0,69791.66666666667,138541.6666666667,14328.358208955224,7218.045112781954,49.25373134328359,-24.812030075187973,1,0,2.6009591359761544,
0,9600,340,34.0,104166.66666666667,35416.66666666667,68750.0,139583.33333333334,14545.454545454546,7164.179104477612,51.515151515151516,-25.373134328358205,1,0,2.5773201669799164,
0,9600,350,35.0,104166.66666666667,36458.333333333336,67708.33333333334,140625.0,14769.230769230768,7111.111111111111,53.84615384615383,-25.92592592592592,1,0,2.6117570039932616,
0,9600,360,36.0,104166.66666666667,37500.0,66666.66666666667,141666.6666666667,14999.999999999998,7058.823529411764,56.24999999999998,-26.470588235294123,1,0,2.561957820027601,
0,9600,370,37.0,104166.66666666667,38541.66666666667,65625.0,142708.33333333334,15238.095238095239,7007.299270072992,58.73015873015874,-27.007299270073005,1,0,2.5690074909944087,
0,9600,380,38.0,104166.66666666667,39583.333333333336,64583.333333333336,143750.0,15483.870967741936,6956.521739130435,61.290322580645174,-27.536231884057973,1,0,2.5878696059808135,
0,9600,390,39.0,104166.66666666667,40625.0,63541.66666666667,144791.6666666667,15737.704918032785,6906.474820143884,63.934426229508176,-28.057553956834536,1,0,2.7229320029728115,
0,9600,400,40.0,104166.66666666667,41666.66666666667,62500.0,145833.33333333334,16000.0,6857.142857142857,66.66666666666667,-28.57142857142857,1,0,2.5979107589810155,
0,9600,410,41.0,104166.66666666667,42708.333333333336,61458.333333333336,146875.0,16271.186440677966,6808.510638297872,69.4915254237288,-29.078014184397173,1,0,2.593638188962359,
0,9600,420,42.0,104166.66666666667,43750.0,60416.66666666667,147916.6666666667,16551.724137931033,6760.563380281689,72.41379310344827,-29.5774647887324,1,0,2.4812492390046827,
0,9600,430,43.0,104166.66666666667,44791.66666666667,59375.0,148958.33333333334,16842.105263157893,6713.286713286713,75.43859649122805,-30.069930069930074,1,0,2.555743982025888,
0,9600,440,44.0,104166.66666666667,45833.333333333336,58333.333333333336,150000.0,17142.85714285714,6666.666666666667,78.57142857142856,-30.555555555555546,0,0,2.5467704200418666,Fatal: [1251195000][UART_TB][FATAL] UART APB wrapper directed test failed
0,9600,450,45.0,104166.66666666667,46875.0,57291.66666666667,151041.6666666667,17454.545454545452,6620.689655172413,81.81818181818178,-31.034482758620697,0,0,2.6466291610267945,Fatal: [1251205000][UART_TB][FATAL] UART APB wrapper directed test failed
0,9600,460,46.0,104166.66666666667,47916.66666666667,56250.0,152083.33333333334,17777.777777777777,6575.342465753424,85.18518518518519,-31.506849315068497,0,0,2.5584297190071084,Fatal: [1251195000][UART_TB][FATAL] UART APB wrapper directed test failed
0,9600,470,47.0,104166.66666666667,48958.333333333336,55208.333333333336,153125.0,18113.20754716981,6530.6122448979595,88.67924528301887,-31.97278911564626,0,0,2.5836897660046816,Fatal: [1251195000][UART_TB][FATAL] UART APB wrapper directed test failed
0,9600,480,48.0,104166.66666666667,50000.0,54166.66666666667,154166.6666666667,18461.53846153846,6486.486486486486,92.3076923076923,-32.43243243243244,0,0,2.5990253220079467,Fatal: [1251205000][UART_TB][FATAL] UART APB wrapper directed test failed
0,9600,490,49.0,104166.66666666667,51041.66666666667,53125.0,155208.33333333334,18823.529411764706,6442.953020134228,96.07843137254903,-32.885906040268466,0,0,2.6428627420100383,Fatal: [1251195000][UART_TB][FATAL] UART APB wrapper directed test failed
0,9600,500,50.0,104166.66666666667,52083.333333333336,52083.333333333336,156250.0,19200.0,6400.0,100.0,-33.333333333333336,0,0,2.6045227290014736,Fatal: [1251195000][UART_TB][FATAL] UART APB wrapper directed test failed
1,14400,0,0.0,69444.44444444444,0.0,69444.44444444444,69444.44444444444,14400.000000000002,14400.000000000002,2.220446049250313e-14,2.220446049250313e-14,1,0,2.668438906024676,
1,14400,10,1.0,69444.44444444444,694.4444444444443,68750.0,70138.88888888888,14545.454545454546,14257.42574257426,1.0101010101010166,-0.9900990099009688,1,0,2.495245959958993,
1,14400,20,2.0,69444.44444444444,1388.8888888888887,68055.55555555555,70833.33333333333,14693.87755102041,14117.64705882353,2.0408163265306367,-1.9607843137254832,1,0,2.62336862902157,
1,14400,30,3.0,69444.44444444444,2083.333333333333,67361.11111111111,71527.77777777777,14845.360824742269,13980.582524271847,3.0927835051546504,-2.9126213592232775,1,0,2.4655409879633226,
1,14400,40,4.0,69444.44444444444,2777.7777777777774,66666.66666666666,72222.22222222222,15000.000000000002,13846.153846153848,4.166666666666674,-3.8461538461538325,1,0,2.5007941530202515,
1,14400,50,5.0,69444.44444444444,3472.222222222222,65972.22222222222,72916.66666666666,15157.894736842107,13714.285714285716,5.2631578947368585,-4.761904761904756,1,0,2.4656363879912533,
1,14400,60,6.0,69444.44444444444,4166.666666666666,65277.777777777774,73611.11111111111,15319.148936170213,13584.905660377359,6.382978723404253,-5.660377358490565,1,0,2.5746975429938175,
1,14400,70,7.0,69444.44444444444,4861.111111111111,64583.33333333333,74305.55555555555,15483.870967741937,13457.943925233647,7.526881720430123,-6.542056074766345,1,0,2.4976354459649883,
1,14400,80,8.0,69444.44444444444,5555.555555555555,63888.88888888888,75000.0,15652.17391304348,13333.333333333334,8.69565217391306,-7.4074074074074066,1,0,2.5031806110055186,
1,14400,90,9.0,69444.44444444444,6249.999999999999,63194.44444444444,75694.44444444444,15824.175824175825,13211.009174311928,9.8901098901099,-8.256880733944937,1,0,2.505663893010933,
1,14400,100,10.0,69444.44444444444,6944.444444444444,62499.99999999999,76388.88888888888,16000.000000000002,13090.909090909094,11.111111111111116,-9.090909090909072,1,0,2.5551110910018906,
1,14400,110,11.0,69444.44444444444,7638.888888888888,61805.55555555555,77083.33333333333,16179.775280898879,12972.972972972973,12.35955056179776,-9.909909909909908,1,0,2.5738410470075905,
1,14400,120,12.0,69444.44444444444,8333.333333333332,61111.11111111111,77777.77777777777,16363.636363636364,12857.142857142859,13.636363636363647,-10.714285714285698,1,0,2.63879999704659,
1,14400,130,13.0,69444.44444444444,9027.777777777776,60416.666666666664,78472.22222222222,16551.724137931036,12743.362831858407,14.942528735632198,-11.504424778761058,1,0,2.6037622060393915,
1,14400,140,14.0,69444.44444444444,9722.222222222223,59722.22222222222,79166.66666666666,16744.18604651163,12631.578947368422,16.279069767441868,-12.280701754385959,1,0,2.549571315990761,
1,14400,150,15.0,69444.44444444444,10416.666666666666,59027.777777777774,79861.11111111111,16941.176470588238,12521.739130434782,17.647058823529438,-13.043478260869568,1,0,2.4784398609772325,
1,14400,160,16.0,69444.44444444444,11111.11111111111,58333.33333333333,80555.55555555555,17142.857142857145,12413.793103448277,19.04761904761907,-13.793103448275856,1,0,2.503334285982419,
1,14400,170,17.0,69444.44444444444,11805.555555555555,57638.88888888888,81250.0,17349.39759036145,12307.692307692309,20.481927710843383,-14.529914529914523,1,0,2.4300865470431745,
1,14400,180,18.0,69444.44444444444,12499.999999999998,56944.44444444444,81944.44444444444,17560.9756097561,12203.389830508475,21.95121951219514,-15.254237288135586,1,0,2.5780213850084692,
1,14400,190,19.0,69444.44444444444,13194.444444444443,56249.99999999999,82638.88888888888,17777.77777777778,12100.840336134455,23.456790123456805,-15.966386554621836,1,0,2.476088985975366,
1,14400,200,20.0,69444.44444444444,13888.888888888889,55555.55555555555,83333.33333333333,18000.000000000004,12000.0,25.00000000000002,-16.666666666666664,1,0,2.4705674329889007,
1,14400,210,21.0,69444.44444444444,14583.333333333332,54861.11111111111,84027.77777777777,18227.848101265823,11900.826446280993,26.582278481012665,-17.355371900826434,1,0,2.476339265005663,
1,14400,220,22.0,69444.44444444444,15277.777777777776,54166.666666666664,84722.22222222222,18461.53846153846,11803.278688524591,28.205128205128194,-18.032786885245887,1,0,2.569629889971111,
1,14400,230,23.0,69444.44444444444,15972.22222222222,53472.22222222222,85416.66666666666,18701.298701298703,11707.317073170732,29.87012987012989,-18.699186991869908,1,0,2.5192804529797286,
1,14400,240,24.0,69444.44444444444,16666.666666666664,52777.777777777774,86111.1111111111,18947.368421052633,11612.903225806454,31.578947368421062,-19.354838709677402,1,0,2.5771206860081293,
1,14400,250,25.0,69444.44444444444,17361.11111111111,52083.33333333333,86805.55555555555,19200.0,11520.000000000002,33.33333333333333,-19.999999999999986,1,0,2.6252792080049403,
1,14400,260,26.0,69444.44444444444,18055.55555555555,51388.88888888889,87499.99999999999,19459.45945945946,11428.571428571431,35.13513513513513,-20.63492063492062,1,0,2.63021958299214,
1,14400,270,27.0,69444.44444444444,18750.0,50694.44444444444,88194.44444444444,19726.027397260277,11338.582677165356,36.98630136986303,-21.259842519685034,1,0,2.546071547025349,
1,14400,280,28.0,69444.44444444444,19444.444444444445,49999.99999999999,88888.88888888888,20000.000000000004,11250.000000000002,38.88888888888891,-21.87499999999999,1,0,2.5055842499714345,
1,14400,290,29.0,69444.44444444444,20138.888888888887,49305.55555555555,89583.33333333333,20281.690140845072,11162.79069767442,40.84507042253522,-22.480620155038757,1,0,2.447074373019859,
1,14400,300,30.0,69444.44444444444,20833.333333333332,48611.11111111111,90277.77777777777,20571.428571428572,11076.923076923078,42.85714285714286,-23.076923076923073,1,0,2.438093119999394,
1,14400,310,31.0,69444.44444444444,21527.777777777777,47916.66666666666,90972.22222222222,20869.565217391308,10992.366412213742,44.927536231884076,-23.664122137404576,1,0,2.4744460210204124,
1,14400,320,32.0,69444.44444444444,22222.22222222222,47222.22222222222,91666.66666666666,21176.470588235297,10909.09090909091,47.0588235294118,-24.24242424242423,1,0,2.51577230298426,
1,14400,330,33.0,69444.44444444444,22916.666666666664,46527.777777777774,92361.1111111111,21492.537313432837,10827.067669172935,49.25373134328359,-24.812030075187952,1,0,2.4464003180037253,
1,14400,340,34.0,69444.44444444444,23611.11111111111,45833.33333333333,93055.55555555555,21818.18181818182,10746.268656716418,51.51515151515154,-25.373134328358205,1,0,2.5373094099923037,
1,14400,350,35.0,69444.44444444444,24305.55555555555,45138.88888888889,93749.99999999999,22153.846153846152,10666.666666666668,53.84615384615383,-25.92592592592592,1,0,2.486186442023609,
1,14400,360,36.0,69444.44444444444,24999.999999999996,44444.44444444444,94444.44444444444,22500.000000000004,10588.235294117649,56.25000000000002,-26.4705882352941,1,0,2.5937154079438187,
1,14400,370,37.0,69444.44444444444,25694.44444444444,43750.0,95138.88888888888,22857.14285714286,10510.94890510949,58.73015873015874,-27.00729927007299,1,0,2.5408913149731234,
1,14400,380,38.0,69444.44444444444,26388.888888888887,43055.55555555555,95833.33333333333,23225.80645161291,10434.782608695652,61.290322580645196,-27.536231884057973,1,0,2.7227025739848614,
1,14400,390,39.0,69444.44444444444,27083.333333333332,42361.11111111111,96527.77777777777,23606.557377049183,10359.712230215828,63.934426229508226,-28.057553956834525,1,0,2.5232995539554395,
1,14400,400,40.0,69444.44444444444,27777.777777777777,41666.66666666666,97222.22222222222,24000.000000000007,10285.714285714286,66.66666666666671,-28.57142857142857,1,0,2.5578026979928836,
1,14400,410,41.0,69444.44444444444,28472.22222222222,40972.22222222222,97916.66666666666,24406.77966101695,10212.765957446809,69.49152542372883,-29.078014184397162,1,0,2.472814607026521,
1,14400,420,42.0,69444.44444444444,29166.666666666664,40277.777777777774,98611.1111111111,24827.586206896554,10140.845070422536,72.41379310344828,-29.57746478873239,1,0,2.5005682570044883,
1,14400,430,43.0,69444.44444444444,29861.11111111111,39583.33333333333,99305.55555555555,25263.157894736843,10069.930069930071,75.43859649122808,-30.069930069930063,1,0,2.4370841520139948,
1,14400,440,44.0,69444.44444444444,30555.55555555555,38888.88888888889,99999.99999999999,25714.285714285714,10000.000000000002,78.57142857142856,-30.555555555555546,0,0,2.5481028300127946,Fatal: [834535000][UART_TB][FATAL] UART APB wrapper directed test failed
1,14400,450,45.0,69444.44444444444,31249.999999999996,38194.44444444444,100694.44444444444,26181.818181818187,9931.034482758621,81.81818181818186,-31.034482758620683,0,0,2.4473996279994026,Fatal: [834535000][UART_TB][FATAL] UART APB wrapper directed test failed
1,14400,460,46.0,69444.44444444444,31944.44444444444,37500.0,101388.88888888888,26666.666666666668,9863.013698630139,85.18518518518519,-31.506849315068486,0,0,2.537678660999518,Fatal: [834535000][UART_TB][FATAL] UART APB wrapper directed test failed
1,14400,470,47.0,69444.44444444444,32638.888888888883,36805.555555555555,102083.33333333331,27169.811320754718,9795.918367346942,88.67924528301887,-31.97278911564624,0,0,2.5114657530211844,Fatal: [834535000][UART_TB][FATAL] UART APB wrapper directed test failed
1,14400,480,48.0,69444.44444444444,33333.33333333333,36111.11111111111,102777.77777777777,27692.307692307695,9729.72972972973,92.30769230769234,-32.432432432432435,0,0,2.579198986000847,Fatal: [834535000][UART_TB][FATAL] UART APB wrapper directed test failed
1,14400,490,49.0,69444.44444444444,34027.777777777774,35416.666666666664,103472.22222222222,28235.29411764706,9664.429530201343,96.07843137254903,-32.88590604026845,0,0,2.4818746030214243,Fatal: [834535000][UART_TB][FATAL] UART APB wrapper directed test failed
1,14400,500,50.0,69444.44444444444,34722.22222222222,34722.22222222222,104166.66666666666,28800.000000000004,9600.0,100.00000000000004,-33.333333333333336,0,0,2.6428755359956995,Fatal: [834535000][UART_TB][FATAL] UART APB wrapper directed test failed
2,19200,0,0.0,52083.333333333336,0.0,52083.333333333336,52083.333333333336,19200.0,19200.0,0.0,0.0,1,0,2.616294841049239,
2,19200,10,1.0,52083.333333333336,520.8333333333334,51562.5,52604.16666666667,19393.939393939392,19009.90099009901,1.0101010101009944,-0.990099009900991,1,0,2.5674693880137056,
2,19200,20,2.0,52083.333333333336,1041.6666666666667,51041.66666666667,53125.0,19591.836734693876,18823.529411764706,2.0408163265305923,-1.9607843137254832,1,0,2.4513705719728023,
2,19200,30,3.0,52083.333333333336,1562.5,50520.833333333336,53645.833333333336,19793.81443298969,18640.776699029124,3.092783505154628,-2.912621359223311,1,0,2.3801517100073397,
2,19200,40,4.0,52083.333333333336,2083.3333333333335,50000.0,54166.66666666667,20000.0,18461.53846153846,4.166666666666674,-3.8461538461538436,1,0,2.4119582299608737,
2,19200,50,5.0,52083.333333333336,2604.166666666667,49479.16666666667,54687.5,20210.526315789473,18285.714285714286,5.263157894736836,-4.761904761904756,1,0,2.475498234969564,
2,19200,60,6.0,52083.333333333336,3125.0,48958.333333333336,55208.333333333336,20425.531914893618,18113.20754716981,6.382978723404253,-5.660377358490565,1,0,2.45959328499157,
2,19200,70,7.0,52083.333333333336,3645.8333333333335,48437.5,55729.16666666667,20645.16129032258,17943.92523364486,7.526881720430101,-6.542056074766355,1,0,2.5152863229741342,
2,19200,80,8.0,52083.333333333336,4166.666666666667,47916.66666666667,56250.0,20869.565217391304,17777.777777777777,8.695652173913038,-7.4074074074074066,1,0,2.4282401960226707,
2,19200,90,9.0,52083.333333333336,4687.5,47395.833333333336,56770.833333333336,21098.901098901097,17614.67889908257,9.890109890109876,-8.25688073394495,1,0,2.5612802040413953,
2,19200,100,10.0,52083.333333333336,5208.333333333334,46875.0,57291.66666666667,21333.333333333332,17454.545454545452,11.111111111111093,-9.090909090909104,1,0,2.508395090000704,
2,19200,110,11.0,52083.333333333336,5729.166666666667,46354.16666666667,57812.5,21573.033707865165,17297.297297297297,12.35955056179774,-9.909909909909908,1,0,2.559265601041261,
2,19200,120,12.0,52083.333333333336,6250.0,45833.333333333336,58333.333333333336,21818.181818181816,17142.85714285714,13.636363636363624,-10.71428571428572,1,0,2.5933732370031066,
2,19200,130,13.0,52083.333333333336,6770.833333333334,45312.5,58854.16666666667,22068.96551724138,16991.150442477876,14.942528735632198,-11.504424778761058,1,0,2.551671060035005,
2,19200,140,14.0,52083.333333333336,7291.666666666667,44791.66666666667,59375.0,22325.581395348836,16842.105263157893,16.279069767441847,-12.28070175438597,1,0,2.481623533007223,
2,19200,150,15.0,52083.333333333336,7812.5,44270.833333333336,59895.833333333336,22588.235294117647,16695.652173913044,17.647058823529417,-13.043478260869568,1,0,2.4487643950269558,
2,19200,160,16.0,52083.333333333336,8333.333333333334,43750.0,60416.66666666667,22857.14285714286,16551.724137931033,19.047619047619047,-13.793103448275868,1,0,2.401010623027105,
2,19200,170,17.0,52083.333333333336,8854.166666666668,43229.16666666667,60937.5,23132.530120481926,16410.25641025641,20.48192771084336,-14.529914529914533,1,0,2.4548770950059406,
2,19200,180,18.0,52083.333333333336,9375.0,42708.333333333336,61458.333333333336,23414.63414634146,16271.186440677966,21.95121951219512,-15.254237288135597,1,0,2.46038652601419,
2,19200,190,19.0,52083.333333333336,9895.833333333334,42187.5,61979.16666666667,23703.703703703704,16134.453781512604,23.456790123456784,-15.96638655462186,1,0,2.5282459299778566,
2,19200,200,20.0,52083.333333333336,10416.666666666668,41666.66666666667,62500.0,23999.999999999996,16000.0,24.99999999999998,-16.666666666666664,1,0,2.4825279459473677,
2,19200,210,21.0,52083.333333333336,10937.5,41145.833333333336,63020.833333333336,24303.79746835443,15867.768595041322,26.582278481012665,-17.355371900826455,1,0,2.5581893299822696,
2,19200,220,22.0,52083.333333333336,11458.333333333334,40625.0,63541.66666666667,24615.384615384617,15737.704918032785,28.205128205128215,-18.032786885245912,1,0,2.488605166960042,
2,19200,230,23.0,52083.333333333336,11979.166666666668,40104.16666666667,64062.5,24935.064935064933,15609.756097560976,29.87012987012987,-18.699186991869922,1,0,2.5829609020147473,
2,19200,240,24.0,52083.333333333336,12500.0,39583.333333333336,64583.333333333336,25263.15789473684,15483.870967741936,31.57894736842104,-19.354838709677413,1,0,2.52541875699535,
2,19200,250,25.0,52083.333333333336,13020.833333333334,39062.5,65104.16666666667,25600.0,15359.999999999998,33.33333333333333,-20.000000000000007,1,0,2.566613802977372,
2,19200,260,26.0,52083.333333333336,13541.666666666668,38541.66666666667,65625.0,25945.945945945943,15238.095238095239,35.13513513513511,-20.63492063492063,1,0,2.555799247988034,
2,19200,270,27.0,52083.333333333336,14062.5,38020.833333333336,66145.83333333334,26301.369863013697,15118.110236220471,36.98630136986301,-21.259842519685044,1,0,2.539981861016713,
2,19200,280,28.0,52083.333333333336,14583.333333333334,37500.0,66666.66666666667,26666.666666666668,14999.999999999998,38.88888888888891,-21.87500000000001,1,0,2.395066800992936,
2,19200,290,29.0,52083.333333333336,15104.166666666668,36979.16666666667,67187.5,27042.253521126757,14883.720930232557,40.8450704225352,-22.480620155038768,1,0,2.458473606966436,
2,19200,300,30.0,52083.333333333336,15625.0,36458.333333333336,67708.33333333334,27428.571428571428,14769.230769230768,42.85714285714286,-23.076923076923084,1,0,2.3789194829878397,
2,19200,310,31.0,52083.333333333336,16145.833333333334,35937.5,68229.16666666667,27826.08695652174,14656.48854961832,44.927536231884055,-23.664122137404586,1,0,2.5739441890036687,
2,19200,320,32.0,52083.333333333336,16666.666666666668,35416.66666666667,68750.0,28235.294117647056,14545.454545454546,47.058823529411754,-24.242424242424242,1,0,2.475058485986665,
2,19200,330,33.0,52083.333333333336,17187.5,34895.833333333336,69270.83333333334,28656.716417910447,14436.090225563908,49.25373134328359,-24.812030075187973,1,0,2.5232306310208514,
2,19200,340,34.0,52083.333333333336,17708.333333333336,34375.0,69791.66666666667,29090.909090909092,14328.358208955224,51.515151515151516,-25.373134328358205,1,0,2.540937195008155,
2,19200,350,35.0,52083.333333333336,18229.166666666668,33854.16666666667,70312.5,29538.461538461535,14222.222222222223,53.84615384615383,-25.92592592592592,1,0,2.5670337920309976,
2,19200,360,36.0,52083.333333333336,18750.0,33333.333333333336,70833.33333333334,29999.999999999996,14117.647058823528,56.24999999999998,-26.470588235294123,1,0,2.517775304033421,
2,19200,370,37.0,52083.333333333336,19270.833333333336,32812.5,71354.16666666667,30476.190476190477,14014.598540145984,58.73015873015874,-27.007299270073005,1,0,2.544715053983964,
2,19200,380,38.0,52083.333333333336,19791.666666666668,32291.666666666668,71875.0,30967.74193548387,13913.04347826087,61.290322580645174,-27.536231884057973,1,0,2.5871894290321507,
2,19200,390,39.0,52083.333333333336,20312.5,31770.833333333336,72395.83333333334,31475.40983606557,13812.949640287768,63.934426229508176,-28.057553956834536,1,0,2.567891546001192,
2,19200,400,40.0,52083.333333333336,20833.333333333336,31250.0,72916.66666666667,32000.0,13714.285714285714,66.66666666666667,-28.57142857142857,1,0,2.4691867429646663,
2,19200,410,41.0,52083.333333333336,21354.166666666668,30729.166666666668,73437.5,32542.372881355932,13617.021276595744,69.4915254237288,-29.078014184397173,1,0,2.451515730994288,
2,19200,420,42.0,52083.333333333336,21875.0,30208.333333333336,73958.33333333334,33103.448275862065,13521.126760563378,72.41379310344827,-29.5774647887324,1,0,2.3639191510155797,
2,19200,430,43.0,52083.333333333336,22395.833333333336,29687.5,74479.16666666667,33684.21052631579,13426.573426573426,75.43859649122805,-30.069930069930074,1,0,2.4601638820022345,
2,19200,440,44.0,52083.333333333336,22916.666666666668,29166.666666666668,75000.0,34285.71428571428,13333.333333333334,78.57142857142856,-30.555555555555546,0,0,2.4556184699758887,Fatal: [626205000][UART_TB][FATAL] UART APB wrapper directed test failed
2,19200,450,45.0,52083.333333333336,23437.5,28645.833333333336,75520.83333333334,34909.090909090904,13241.379310344826,81.81818181818178,-31.034482758620697,0,0,2.540634407021571,Fatal: [626195000][UART_TB][FATAL] UART APB wrapper directed test failed
2,19200,460,46.0,52083.333333333336,23958.333333333336,28125.0,76041.66666666667,35555.555555555555,13150.684931506848,85.18518518518519,-31.506849315068497,0,0,2.486055741959717,Fatal: [626205000][UART_TB][FATAL] UART APB wrapper directed test failed
2,19200,470,47.0,52083.333333333336,24479.166666666668,27604.166666666668,76562.5,36226.41509433962,13061.224489795919,88.67924528301887,-31.97278911564626,0,0,2.5893039840157144,Fatal: [626205000][UART_TB][FATAL] UART APB wrapper directed test failed
2,19200,480,48.0,52083.333333333336,25000.0,27083.333333333336,77083.33333333334,36923.07692307692,12972.972972972972,92.3076923076923,-32.43243243243244,0,0,2.5275810409802943,Fatal: [626195000][UART_TB][FATAL] UART APB wrapper directed test failed
2,19200,490,49.0,52083.333333333336,25520.833333333336,26562.5,77604.16666666667,37647.05882352941,12885.906040268455,96.07843137254903,-32.885906040268466,0,0,2.525353492994327,Fatal: [626205000][UART_TB][FATAL] UART APB wrapper directed test failed
2,19200,500,50.0,52083.333333333336,26041.666666666668,26041.666666666668,78125.0,38400.0,12800.0,100.0,-33.333333333333336,0,0,2.5898516850429587,Fatal: [626205000][UART_TB][FATAL] UART APB wrapper directed test failed
3,38400,0,0.0,26041.666666666668,0.0,26041.666666666668,26041.666666666668,38400.0,38400.0,0.0,0.0,1,0,2.6106585699599236,
3,38400,10,1.0,26041.666666666668,260.4166666666667,25781.25,26302.083333333336,38787.878787878784,38019.80198019802,1.0101010101009944,-0.990099009900991,1,0,2.4107558100367896,
3,38400,20,2.0,26041.666666666668,520.8333333333334,25520.833333333336,26562.5,39183.67346938775,37647.05882352941,2.0408163265305923,-1.9607843137254832,1,0,2.45790100103477,
3,38400,30,3.0,26041.666666666668,781.25,25260.416666666668,26822.916666666668,39587.62886597938,37281.55339805825,3.092783505154628,-2.912621359223311,1,0,2.2986029780004174,
3,38400,40,4.0,26041.666666666668,1041.6666666666667,25000.0,27083.333333333336,40000.0,36923.07692307692,4.166666666666674,-3.8461538461538436,1,0,2.3704965980141424,
3,38400,50,5.0,26041.666666666668,1302.0833333333335,24739.583333333336,27343.75,40421.05263157895,36571.42857142857,5.263157894736836,-4.761904761904756,1,0,2.38898920401698,
3,38400,60,6.0,26041.666666666668,1562.5,24479.166666666668,27604.166666666668,40851.063829787236,36226.41509433962,6.382978723404253,-5.660377358490565,1,0,2.4886037500109524,
3,38400,70,7.0,26041.666666666668,1822.9166666666667,24218.75,27864.583333333336,41290.32258064516,35887.85046728972,7.526881720430101,-6.542056074766355,1,0,2.38353533501504,
3,38400,80,8.0,26041.666666666668,2083.3333333333335,23958.333333333336,28125.0,41739.13043478261,35555.555555555555,8.695652173913038,-7.4074074074074066,1,0,2.4389273329870775,
3,38400,90,9.0,26041.666666666668,2343.75,23697.916666666668,28385.416666666668,42197.80219780219,35229.35779816514,9.890109890109876,-8.25688073394495,1,0,2.4997414730023593,
3,38400,100,10.0,26041.666666666668,2604.166666666667,23437.5,28645.833333333336,42666.666666666664,34909.090909090904,11.111111111111093,-9.090909090909104,1,0,2.5920257669640705,
3,38400,110,11.0,26041.666666666668,2864.5833333333335,23177.083333333336,28906.25,43146.06741573033,34594.59459459459,12.35955056179774,-9.909909909909908,1,0,2.458563534950372,
3,38400,120,12.0,26041.666666666668,3125.0,22916.666666666668,29166.666666666668,43636.36363636363,34285.71428571428,13.636363636363624,-10.71428571428572,1,0,2.526608865009621,
3,38400,130,13.0,26041.666666666668,3385.416666666667,22656.25,29427.083333333336,44137.93103448276,33982.30088495575,14.942528735632198,-11.504424778761058,1,0,2.491596075007692,
3,38400,140,14.0,26041.666666666668,3645.8333333333335,22395.833333333336,29687.5,44651.16279069767,33684.21052631579,16.279069767441847,-12.28070175438597,1,0,2.5501186390174553,
3,38400,150,15.0,26041.666666666668,3906.25,22135.416666666668,29947.916666666668,45176.470588235294,33391.30434782609,17.647058823529417,-13.043478260869568,1,0,2.4160884139710106,
3,38400,160,16.0,26041.666666666668,4166.666666666667,21875.0,30208.333333333336,45714.28571428572,33103.448275862065,19.047619047619047,-13.793103448275868,1,0,2.4209159900201485,
3,38400,170,17.0,26041.666666666668,4427.083333333334,21614.583333333336,30468.75,46265.06024096385,32820.51282051282,20.48192771084336,-14.529914529914533,1,0,2.3728083620080724,
3,38400,180,18.0,26041.666666666668,4687.5,21354.166666666668,30729.166666666668,46829.26829268292,32542.372881355932,21.95121951219512,-15.254237288135597,1,0,2.418650463980157,
3,38400,190,19.0,26041.666666666668,4947.916666666667,21093.75,30989.583333333336,47407.40740740741,32268.90756302521,23.456790123456784,-15.96638655462186,1,0,2.372296101995744,
3,38400,200,20.0,26041.666666666668,5208.333333333334,20833.333333333336,31250.0,47999.99999999999,32000.0,24.99999999999998,-16.666666666666664,1,0,2.3643300399999134,
3,38400,210,21.0,26041.666666666668,5468.75,20572.916666666668,31510.416666666668,48607.59493670886,31735.537190082643,26.582278481012665,-17.355371900826455,1,0,2.3639687320101075,
3,38400,220,22.0,26041.666666666668,5729.166666666667,20312.5,31770.833333333336,49230.769230769234,31475.40983606557,28.205128205128215,-18.032786885245912,1,0,2.4864693779964,
3,38400,230,23.0,26041.666666666668,5989.583333333334,20052.083333333336,32031.25,49870.129870129866,31219.51219512195,29.87012987012987,-18.699186991869922,1,0,2.446715875994414,
3,38400,240,24.0,26041.666666666668,6250.0,19791.666666666668,32291.666666666668,50526.31578947368,30967.74193548387,31.57894736842104,-19.354838709677413,1,0,2.5134934259695,
3,38400,250,25.0,26041.666666666668,6510.416666666667,19531.25,32552.083333333336,51200.0,30719.999999999996,33.33333333333333,-20.000000000000007,1,0,2.484738359984476,
3,38400,260,26.0,26041.666666666668,6770.833333333334,19270.833333333336,32812.5,51891.891891891886,30476.190476190477,35.13513513513511,-20.63492063492063,1,0,2.610142400022596,
3,38400,270,27.0,26041.666666666668,7031.25,19010.416666666668,33072.91666666667,52602.739726027394,30236.220472440942,36.98630136986301,-21.259842519685044,1,0,2.4799637150135823,
3,38400,280,28.0,26041.666666666668,7291.666666666667,18750.0,33333.333333333336,53333.333333333336,29999.999999999996,38.88888888888891,-21.87500000000001,1,0,2.460628465982154,
3,38400,290,29.0,26041.666666666668,7552.083333333334,18489.583333333336,33593.75,54084.507042253514,29767.441860465115,40.8450704225352,-22.480620155038768,1,0,2.3036839939886704,
3,38400,300,30.0,26041.666666666668,7812.5,18229.166666666668,33854.16666666667,54857.142857142855,29538.461538461535,42.85714285714286,-23.076923076923084,1,0,2.370121965010185,
3,38400,310,31.0,26041.666666666668,8072.916666666667,17968.75,34114.583333333336,55652.17391304348,29312.97709923664,44.927536231884055,-23.664122137404586,1,0,2.418507664988283,
3,38400,320,32.0,26041.666666666668,8333.333333333334,17708.333333333336,34375.0,56470.58823529411,29090.909090909092,47.058823529411754,-24.242424242424242,1,0,2.4105502660386264,
3,38400,330,33.0,26041.666666666668,8593.75,17447.916666666668,34635.41666666667,57313.432835820895,28872.180451127817,49.25373134328359,-24.812030075187973,1,0,2.422917471965775,
3,38400,340,34.0,26041.666666666668,8854.166666666668,17187.5,34895.833333333336,58181.818181818184,28656.716417910447,51.515151515151516,-25.373134328358205,1,0,2.4991277829976752,
3,38400,350,35.0,26041.666666666668,9114.583333333334,16927.083333333336,35156.25,59076.92307692307,28444.444444444445,53.84615384615383,-25.92592592592592,1,0,2.4659856489743106,
3,38400,360,36.0,26041.666666666668,9375.0,16666.666666666668,35416.66666666667,59999.99999999999,28235.294117647056,56.24999999999998,-26.470588235294123,1,0,2.521739792020526,
3,38400,370,37.0,26041.666666666668,9635.416666666668,16406.25,35677.083333333336,60952.380952380954,28029.197080291968,58.73015873015874,-27.007299270073005,1,0,2.458459099056199,
3,38400,380,38.0,26041.666666666668,9895.833333333334,16145.833333333334,35937.5,61935.48387096774,27826.08695652174,61.290322580645174,-27.536231884057973,1,0,2.538881307002157,
3,38400,390,39.0,26041.666666666668,10156.25,15885.416666666668,36197.91666666667,62950.81967213114,27625.899280575537,63.934426229508176,-28.057553956834536,1,0,2.4935685619711876,
3,38400,400,40.0,26041.666666666668,10416.666666666668,15625.0,36458.333333333336,64000.0,27428.571428571428,66.66666666666667,-28.57142857142857,1,0,2.519921851984691,
3,38400,410,41.0,26041.666666666668,10677.083333333334,15364.583333333334,36718.75,65084.745762711864,27234.042553191488,69.4915254237288,-29.078014184397173,1,0,2.412434961006511,
3,38400,420,42.0,26041.666666666668,10937.5,15104.166666666668,36979.16666666667,66206.89655172413,27042.253521126757,72.41379310344827,-29.5774647887324,1,0,2.4518571920343675,
3,38400,430,43.0,26041.666666666668,11197.916666666668,14843.75,37239.583333333336,67368.42105263157,26853.146853146853,75.43859649122805,-30.069930069930074,1,0,2.4125830529956147,
3,38400,440,44.0,26041.666666666668,11458.333333333334,14583.333333333334,37500.0,68571.42857142857,26666.666666666668,78.57142857142856,-30.555555555555546,0,0,2.5336106379982084,Fatal: [313695000][UART_TB][FATAL] UART APB wrapper directed test failed
3,38400,450,45.0,26041.666666666668,11718.75,14322.916666666668,37760.41666666667,69818.18181818181,26482.758620689652,81.81818181818178,-31.034482758620697,0,0,5.820921077975072,Fatal: [313705000][UART_TB][FATAL] UART APB wrapper directed test failed
3,38400,460,46.0,26041.666666666668,11979.166666666668,14062.5,38020.833333333336,71111.11111111111,26301.369863013697,85.18518518518519,-31.506849315068497,0,0,2.5153501470340416,Fatal: [313695000][UART_TB][FATAL] UART APB wrapper directed test failed
3,38400,470,47.0,26041.666666666668,12239.583333333334,13802.083333333334,38281.25,72452.83018867925,26122.448979591838,88.67924528301887,-31.97278911564626,0,0,2.4167438030126505,Fatal: [313695000][UART_TB][FATAL] UART APB wrapper directed test failed
3,38400,480,48.0,26041.666666666668,12500.0,13541.666666666668,38541.66666666667,73846.15384615384,25945.945945945943,92.3076923076923,-32.43243243243244,0,0,2.500633282994386,Fatal: [313705000][UART_TB][FATAL] UART APB wrapper directed test failed
3,38400,490,49.0,26041.666666666668,12760.416666666668,13281.25,38802.083333333336,75294.11764705883,25771.81208053691,96.07843137254903,-32.885906040268466,0,0,2.4018146760063246,Fatal: [313695000][UART_TB][FATAL] UART APB wrapper directed test failed
3,38400,500,50.0,26041.666666666668,13020.833333333334,13020.833333333334,39062.5,76800.0,25600.0,100.0,-33.333333333333336,0,0,2.5016579370130785,Fatal: [313695000][UART_TB][FATAL] UART APB wrapper directed test failed
4,57600,0,0.0,17361.11111111111,0.0,17361.11111111111,17361.11111111111,57600.00000000001,57600.00000000001,2.220446049250313e-14,2.220446049250313e-14,1,0,2.410966493014712,
4,57600,10,1.0,17361.11111111111,173.6111111111111,17187.5,17534.72222222222,58181.818181818184,57029.70297029704,1.0101010101010166,-0.9900990099009688,1,0,2.4781900870148093,
4,57600,20,2.0,17361.11111111111,347.2222222222222,17013.888888888887,17708.333333333332,58775.51020408164,56470.58823529412,2.0408163265306367,-1.9607843137254832,1,0,2.4761233769822866,
4,57600,30,3.0,17361.11111111111,520.8333333333333,16840.277777777777,17881.94444444444,59381.443298969076,55922.33009708739,3.0927835051546504,-2.9126213592232775,1,0,2.407433805987239,
4,57600,40,4.0,17361.11111111111,694.4444444444443,16666.666666666664,18055.555555555555,60000.00000000001,55384.61538461539,4.166666666666674,-3.8461538461538325,1,0,2.4167519899783656,
4,57600,50,5.0,17361.11111111111,868.0555555555555,16493.055555555555,18229.166666666664,60631.57894736843,54857.14285714286,5.2631578947368585,-4.761904761904756,1,0,2.512853428022936,
4,57600,60,6.0,17361.11111111111,1041.6666666666665,16319.444444444443,18402.777777777777,61276.59574468085,54339.622641509435,6.382978723404253,-5.660377358490565,1,0,2.474593887978699,
4,57600,70,7.0,17361.11111111111,1215.2777777777778,16145.833333333332,18576.388888888887,61935.48387096775,53831.77570093459,7.526881720430123,-6.542056074766345,1,0,2.4874627179815434,
4,57600,80,8.0,17361.11111111111,1388.8888888888887,15972.22222222222,18750.0,62608.69565217392,53333.333333333336,8.69565217391306,-7.4074074074074066,1,0,2.4193702510092407,
4,57600,90,9.0,17361.11111111111,1562.4999999999998,15798.61111111111,18923.61111111111,63296.7032967033,52844.03669724771,9.8901098901099,-8.256880733944937,1,0,2.482151531963609,
4,57600,100,10.0,17361.11111111111,1736.111111111111,15624.999999999998,19097.22222222222,64000.00000000001,52363.636363636375,11.111111111111116,-9.090909090909072,1,0,2.3968159270007163,
4,57600,110,11.0,17361.11111111111,1909.722222222222,15451.388888888887,19270.833333333332,64719.101123595516,51891.89189189189,12.35955056179776,-9.909909909909908,1,0,2.5047153729829006,
4,57600,120,12.0,17361.11111111111,2083.333333333333,15277.777777777777,19444.44444444444,65454.545454545456,51428.571428571435,13.636363636363647,-10.714285714285698,1,0,2.416996917047072,
4,57600,130,13.0,17361.11111111111,2256.944444444444,15104.166666666666,19618.055555555555,66206.89655172414,50973.45132743363,14.942528735632198,-11.504424778761058,1,0,2.4673939860076644,
4,57600,140,14.0,17361.11111111111,2430.5555555555557,14930.555555555555,19791.666666666664,66976.74418604652,50526.31578947369,16.279069767441868,-12.280701754385959,1,0,2.442365011025686,
4,57600,150,15.0,17361.11111111111,2604.1666666666665,14756.944444444443,19965.277777777777,67764.70588235295,50086.95652173913,17.647058823529438,-13.043478260869568,1,0,2.4189243800356053,
4,57600,160,16.0,17361.11111111111,2777.7777777777774,14583.333333333332,20138.888888888887,68571.42857142858,49655.17241379311,19.04761904761907,-13.793103448275856,1,0,2.386473150982056,
4,57600,170,17.0,17361.11111111111,2951.3888888888887,14409.72222222222,20312.5,69397.5903614458,49230.769230769234,20.481927710843383,-14.529914529914523,1,0,2.480279453971889,
4,57600,180,18.0,17361.11111111111,3124.9999999999995,14236.11111111111,20486.11111111111,70243.9024390244,48813.5593220339,21.95121951219514,-15.254237288135586,1,0,2.4193614730029367,
4,57600,190,19.0,17361.11111111111,3298.611111111111,14062.499999999998,20659.72222222222,71111.11111111112,48403.36134453782,23.456790123456805,-15.966386554621836,1,0,2.4861885369755328,
4,57600,200,20.0,17361.11111111111,3472.222222222222,13888.888888888887,20833.333333333332,72000.00000000001,48000.0,25.00000000000002,-16.666666666666664,1,0,2.4260347730014473,
4,57600,210,21.0,17361.11111111111,3645.833333333333,13715.277777777777,21006.94444444444,72911.39240506329,47603.30578512397,26.582278481012665,-17.355371900826434,1,0,2.4948235329939052,
4,57600,220,22.0,17361.11111111111,3819.444444444444,13541.666666666666,21180.555555555555,73846.15384615384,47213.114754098366,28.205128205128194,-18.032786885245887,1,0,2.4164339510025457,
4,57600,230,23.0,17361.11111111111,3993.055555555555,13368.055555555555,21354.166666666664,74805.19480519481,46829.26829268293,29.87012987012989,-18.699186991869908,1,0,2.4680140950367786,
4,57600,240,24.0,17361.11111111111,4166.666666666666,13194.444444444443,21527.777777777774,75789.47368421053,46451.61290322582,31.578947368421062,-19.354838709677402,1,0,2.4222984589869156,
4,57600,250,25.0,17361.11111111111,4340.277777777777,13020.833333333332,21701.388888888887,76800.0,46080.00000000001,33.33333333333333,-19.999999999999986,1,0,2.479836536978837,
4,57600,260,26.0,17361.11111111111,4513.888888888888,12847.222222222223,21874.999999999996,77837.83783783784,45714.285714285725,35.13513513513513,-20.63492063492062,1,0,2.428133938985411,
4,57600,270,27.0,17361.11111111111,4687.5,12673.61111111111,22048.61111111111,78904.10958904111,45354.33070866142,36.98630136986303,-21.259842519685034,1,0,2.4085558829829097,
4,57600,280,28.0,17361.11111111111,4861.111111111111,12499.999999999998,22222.22222222222,80000.00000000001,45000.00000000001,38.88888888888891,-21.87499999999999,1,0,2.4289550310350023,
4,57600,290,29.0,17361.11111111111,5034.722222222222,12326.388888888887,22395.833333333332,81126.76056338029,44651.16279069768,40.84507042253522,-22.480620155038757,1,0,2.504738349991385,
4,57600,300,30.0,17361.11111111111,5208.333333333333,12152.777777777777,22569.44444444444,82285.71428571429,44307.69230769231,42.85714285714286,-23.076923076923073,1,0,2.412139769003261,
4,57600,310,31.0,17361.11111111111,5381.944444444444,11979.166666666664,22743.055555555555,83478.26086956523,43969.465648854966,44.927536231884076,-23.664122137404576,1,0,2.486824382969644,
4,57600,320,32.0,17361.11111111111,5555.555555555555,11805.555555555555,22916.666666666664,84705.88235294119,43636.36363636364,47.0588235294118,-24.24242424242423,1,0,2.402836533030495,
4,57600,330,33.0,17361.11111111111,5729.166666666666,11631.944444444443,23090.277777777774,85970.14925373135,43308.27067669174,49.25373134328359,-24.812030075187952,1,0,2.483464171004016,
4,57600,340,34.0,17361.11111111111,5902.777777777777,11458.333333333332,23263.888888888887,87272.72727272728,42985.07462686567,51.51515151515154,-25.373134328358205,1,0,2.4167570080026053,
4,57600,350,35.0,17361.11111111111,6076.388888888888,11284.722222222223,23437.499999999996,88615.38461538461,42666.66666666667,53.84615384615383,-25.92592592592592,1,0,2.4247624700074084,
4,57600,360,36.0,17361.11111111111,6249.999999999999,11111.11111111111,23611.11111111111,90000.00000000001,42352.941176470595,56.25000000000002,-26.4705882352941,1,0,2.41264285199577,
4,57600,370,37.0,17361.11111111111,6423.61111111111,10937.5,23784.72222222222,91428.57142857143,42043.79562043796,58.73015873015874,-27.00729927007299,1,0,2.476972537988331,
4,57600,380,38.0,17361.11111111111,6597.222222222222,10763.888888888887,23958.333333333332,92903.22580645164,41739.13043478261,61.290322580645196,-27.536231884057973,1,0,2.4463750849827193,
4,57600,390,39.0,17361.11111111111,6770.833333333333,10590.277777777777,24131.94444444444,94426.22950819673,41438.84892086331,63.934426229508226,-28.057553956834525,1,0,2.4320472240215167,
4,57600,400,40.0,17361.11111111111,6944.444444444444,10416.666666666664,24305.555555555555,96000.00000000003,41142.857142857145,66.66666666666671,-28.57142857142857,1,0,2.4389186180196702,
4,57600,410,41.0,17361.11111111111,7118.055555555555,10243.055555555555,24479.166666666664,97627.1186440678,40851.063829787236,69.49152542372883,-29.078014184397162,1,0,2.4767584579531103,
4,57600,420,42.0,17361.11111111111,7291.666666666666,10069.444444444443,24652.777777777774,99310.34482758622,40563.380281690144,72.41379310344828,-29.57746478873239,1,0,2.396094987052493,
4,57600,430,43.0,17361.11111111111,7465.277777777777,9895.833333333332,24826.388888888887,101052.63157894737,40279.720279720284,75.43859649122808,-30.069930069930063,1,0,2.4695783209754154,
4,57600,440,44.0,17361.11111111111,7638.888888888888,9722.222222222223,24999.999999999996,102857.14285714286,40000.00000000001,78.57142857142856,-30.555555555555546,1,0,2.432018688006792,
4,57600,450,45.0,17361.11111111111,7812.499999999999,9548.61111111111,25173.61111111111,104727.27272727275,39724.137931034486,81.81818181818186,-31.034482758620683,0,0,2.46923126000911,Fatal: [209535000][UART_TB][FATAL] UART APB wrapper directed test failed
4,57600,460,46.0,17361.11111111111,7986.11111111111,9375.0,25347.22222222222,106666.66666666667,39452.054794520554,85.18518518518519,-31.506849315068486,0,0,2.416410191974137,Fatal: [209535000][UART_TB][FATAL] UART APB wrapper directed test failed
4,57600,470,47.0,17361.11111111111,8159.722222222221,9201.388888888889,25520.83333333333,108679.24528301887,39183.673469387766,88.67924528301887,-31.97278911564624,0,0,2.503686941054184,Fatal: [209535000][UART_TB][FATAL] UART APB wrapper directed test failed
4,57600,480,48.0,17361.11111111111,8333.333333333332,9027.777777777777,25694.44444444444,110769.23076923078,38918.91891891892,92.30769230769234,-32.432432432432435,0,0,2.4311807829653844,Fatal: [209535000][UART_TB][FATAL] UART APB wrapper directed test failed
4,57600,490,49.0,17361.11111111111,8506.944444444443,8854.166666666666,25868.055555555555,112941.17647058824,38657.71812080537,96.07843137254903,-32.88590604026845,0,0,2.4791859519900754,Fatal: [209535000][UART_TB][FATAL] UART APB wrapper directed test failed
4,57600,500,50.0,17361.11111111111,8680.555555555555,8680.555555555555,26041.666666666664,115200.00000000001,38400.0,100.00000000000004,-33.333333333333336,0,0,2.4031565010081977,Fatal: [209535000][UART_TB][FATAL] UART APB wrapper directed test failed
5,115200,0,0.0,8680.555555555555,0.0,8680.555555555555,8680.555555555555,115200.00000000001,115200.00000000001,2.220446049250313e-14,2.220446049250313e-14,1,0,2.4061558130197227,
5,115200,10,1.0,8680.555555555555,86.80555555555554,8593.75,8767.36111111111,116363.63636363637,114059.40594059408,1.0101010101010166,-0.9900990099009688,1,0,2.406352871970739,
5,115200,20,2.0,8680.555555555555,173.6111111111111,8506.944444444443,8854.166666666666,117551.02040816328,112941.17647058824,2.0408163265306367,-1.9607843137254832,1,0,2.560264214000199,
5,115200,30,3.0,8680.555555555555,260.41666666666663,8420.138888888889,8940.97222222222,118762.88659793815,111844.66019417478,3.0927835051546504,-2.9126213592232775,1,0,2.4575156720238738,
5,115200,40,4.0,8680.555555555555,347.2222222222222,8333.333333333332,9027.777777777777,120000.00000000001,110769.23076923078,4.166666666666674,-3.8461538461538325,1,0,2.478128849994391,
5,115200,50,5.0,8680.555555555555,434.02777777777777,8246.527777777777,9114.583333333332,121263.15789473685,109714.28571428572,5.2631578947368585,-4.761904761904756,1,0,2.4109929359983653,
5,115200,60,6.0,8680.555555555555,520.8333333333333,8159.722222222222,9201.388888888889,122553.1914893617,108679.24528301887,6.382978723404253,-5.660377358490565,1,0,2.4694860390154645,
5,115200,70,7.0,8680.555555555555,607.6388888888889,8072.916666666666,9288.194444444443,123870.9677419355,107663.55140186918,7.526881720430123,-6.542056074766345,1,0,2.411172372987494,
5,115200,80,8.0,8680.555555555555,694.4444444444443,7986.11111111111,9375.0,125217.39130434784,106666.66666666667,8.69565217391306,-7.4074074074074066,1,0,2.470040579966735,
5,115200,90,9.0,8680.555555555555,781.2499999999999,7899.305555555555,9461.805555555555,126593.4065934066,105688.07339449543,9.8901098901099,-8.256880733944937,1,0,2.4374225459760055,
5,115200,100,10.0,8680.555555555555,868.0555555555555,7812.499999999999,9548.61111111111,128000.00000000001,104727.27272727275,11.111111111111116,-9.090909090909072,1,0,2.4637696289573796,
5,115200,110,11.0,8680.555555555555,954.861111111111,7725.694444444443,9635.416666666666,129438.20224719103,103783.78378378379,12.35955056179776,-9.909909909909908,1,0,2.4020229390007444,
5,115200,120,12.0,8680.555555555555,1041.6666666666665,7638.888888888889,9722.22222222222,130909.09090909091,102857.14285714287,13.636363636363647,-10.714285714285698,1,0,2.4540058780112304,
5,115200,130,13.0,8680.555555555555,1128.472222222222,7552.083333333333,9809.027777777777,132413.7931034483,101946.90265486726,14.942528735632198,-11.504424778761058,1,0,2.3953366380301304,
5,115200,140,14.0,8680.555555555555,1215.2777777777778,7465.277777777777,9895.833333333332,133953.48837209304,101052.63157894737,16.279069767441868,-12.280701754385959,1,0,2.4815897790249437,
5,115200,150,15.0,8680.555555555555,1302.0833333333333,7378.472222222222,9982.638888888889,135529.4117647059,100173.91304347826,17.647058823529438,-13.043478260869568,1,0,2.4060773090459406,
5,115200,160,16.0,8680.555555555555,1388.8888888888887,7291.666666666666,10069.444444444443,137142.85714285716,99310.34482758622,19.04761904761907,-13.793103448275856,1,0,2.4652426530374214,
5,115200,170,17.0,8680.555555555555,1475.6944444444443,7204.86111111111,10156.25,138795.1807228916,98461.53846153847,20.481927710843383,-14.529914529914523,1,0,2.4220673509989865,
5,115200,180,18.0,8680.555555555555,1562.4999999999998,7118.055555555555,10243.055555555555,140487.8048780488,97627.1186440678,21.95121951219514,-15.254237288135586,1,0,2.4765655570081435,
5,115200,190,19.0,8680.555555555555,1649.3055555555554,7031.249999999999,10329.86111111111,142222.22222222225,96806.72268907564,23.456790123456805,-15.966386554621836,1,0,2.408685693051666,
5,115200,200,20.0,8680.555555555555,1736.111111111111,6944.444444444443,10416.666666666666,144000.00000000003,96000.0,25.00000000000002,-16.666666666666664,1,0,2.48836121999193,
5,115200,210,21.0,8680.555555555555,1822.9166666666665,6857.638888888889,10503.47222222222,145822.78481012658,95206.61157024794,26.582278481012665,-17.355371900826434,1,0,2.4177642600261606,
5,115200,220,22.0,8680.555555555555,1909.722222222222,6770.833333333333,10590.277777777777,147692.3076923077,94426.22950819673,28.205128205128194,-18.032786885245887,1,0,2.419932853023056,
5,115200,230,23.0,8680.555555555555,1996.5277777777776,6684.027777777777,10677.083333333332,149610.38961038963,93658.53658536586,29.87012987012989,-18.699186991869908,1,0,2.3802438910352066,
5,115200,240,24.0,8680.555555555555,2083.333333333333,6597.222222222222,10763.888888888887,151578.94736842107,92903.22580645164,31.578947368421062,-19.354838709677402,1,0,2.4456671020016074,
5,115200,250,25.0,8680.555555555555,2170.1388888888887,6510.416666666666,10850.694444444443,153600.0,92160.00000000001,33.33333333333333,-19.999999999999986,1,0,2.433736650971696,
5,115200,260,26.0,8680.555555555555,2256.944444444444,6423.611111111111,10937.499999999998,155675.67567567568,91428.57142857145,35.13513513513513,-20.63492063492062,1,0,2.45051637198776,
5,115200,270,27.0,8680.555555555555,2343.75,6336.805555555555,11024.305555555555,157808.21917808222,90708.66141732284,36.98630136986303,-21.259842519685034,1,0,2.396822610986419,
5,115200,280,28.0,8680.555555555555,2430.5555555555557,6249.999999999999,11111.11111111111,160000.00000000003,90000.00000000001,38.88888888888891,-21.87499999999999,1,0,2.4703028349904343,
5,115200,290,29.0,8680.555555555555,2517.361111111111,6163.194444444443,11197.916666666666,162253.52112676058,89302.32558139536,40.84507042253522,-22.480620155038757,1,0,2.3881346010020934,
5,115200,300,30.0,8680.555555555555,2604.1666666666665,6076.388888888889,11284.72222222222,164571.42857142858,88615.38461538462,42.85714285714286,-23.076923076923073,1,0,2.4725515169557184,
5,115200,310,31.0,8680.555555555555,2690.972222222222,5989.583333333332,11371.527777777777,166956.52173913046,87938.93129770993,44.927536231884076,-23.664122137404576,1,0,2.3969511100440286,
5,115200,320,32.0,8680.555555555555,2777.7777777777774,5902.777777777777,11458.333333333332,169411.76470588238,87272.72727272728,47.0588235294118,-24.24242424242423,1,0,2.446794521994889,
5,115200,330,33.0,8680.555555555555,2864.583333333333,5815.972222222222,11545.138888888887,171940.2985074627,86616.54135338348,49.25373134328359,-24.812030075187952,1,0,2.402206016005948,
5,115200,340,34.0,8680.555555555555,2951.3888888888887,5729.166666666666,11631.944444444443,174545.45454545456,85970.14925373135,51.51515151515154,-25.373134328358205,1,0,2.404144558997359,
5,115200,350,35.0,8680.555555555555,3038.194444444444,5642.361111111111,11718.749999999998,177230.76923076922,85333.33333333334,53.84615384615383,-25.92592592592592,1,0,2.408672590041533,
5,115200,360,36.0,8680.555555555555,3124.9999999999995,5555.555555555555,11805.555555555555,180000.00000000003,84705.88235294119,56.25000000000002,-26.4705882352941,1,0,2.48781165399123,
5,115200,370,37.0,8680.555555555555,3211.805555555555,5468.75,11892.36111111111,182857.14285714287,84087.59124087592,58.73015873015874,-27.00729927007299,1,0,2.3838024040451273,
5,115200,380,38.0,8680.555555555555,3298.611111111111,5381.944444444443,11979.166666666666,185806.45161290327,83478.26086956522,61.290322580645196,-27.536231884057973,1,0,2.4547650209860876,
5,115200,390,39.0,8680.555555555555,3385.4166666666665,5295.138888888889,12065.97222222222,188852.45901639346,82877.69784172662,63.934426229508226,-28.057553956834525,1,0,2.4022026220336556,
5,115200,400,40.0,8680.555555555555,3472.222222222222,5208.333333333332,12152.777777777777,192000.00000000006,82285.71428571429,66.66666666666671,-28.57142857142857,1,0,2.4734909210237674,
5,115200,410,41.0,8680.555555555555,3559.0277777777774,5121.527777777777,12239.583333333332,195254.2372881356,81702.12765957447,69.49152542372883,-29.078014184397162,1,0,2.399077219015453,
5,115200,420,42.0,8680.555555555555,3645.833333333333,5034.722222222222,12326.388888888887,198620.68965517243,81126.76056338029,72.41379310344828,-29.57746478873239,1,0,2.469238317979034,
5,115200,430,43.0,8680.555555555555,3732.6388888888887,4947.916666666666,12413.194444444443,202105.26315789475,80559.44055944057,75.43859649122808,-30.069930069930063,1,0,2.40012555901194,
5,115200,440,44.0,8680.555555555555,3819.444444444444,4861.111111111111,12499.999999999998,205714.2857142857,80000.00000000001,78.57142857142856,-30.555555555555546,1,0,2.4553560630301945,
5,115200,450,45.0,8680.555555555555,3906.2499999999995,4774.305555555555,12586.805555555555,209454.5454545455,79448.27586206897,81.81818181818186,-31.034482758620683,0,0,2.3917659040307626,Fatal: [105365000][UART_TB][FATAL] UART APB wrapper directed test failed
5,115200,460,46.0,8680.555555555555,3993.055555555555,4687.5,12673.61111111111,213333.33333333334,78904.10958904111,85.18518518518519,-31.506849315068486,0,0,2.3907608859590255,Fatal: [105365000][UART_TB][FATAL] UART APB wrapper directed test failed
5,115200,470,47.0,8680.555555555555,4079.8611111111104,4600.694444444444,12760.416666666664,217358.49056603774,78367.34693877553,88.67924528301887,-31.97278911564624,0,0,2.39282531599747,Fatal: [105365000][UART_TB][FATAL] UART APB wrapper directed test failed
5,115200,480,48.0,8680.555555555555,4166.666666666666,4513.888888888889,12847.22222222222,221538.46153846156,77837.83783783784,92.30769230769234,-32.432432432432435,0,0,2.418549638008699,Fatal: [105365000][UART_TB][FATAL] UART APB wrapper directed test failed
5,115200,490,49.0,8680.555555555555,4253.472222222222,4427.083333333333,12934.027777777777,225882.35294117648,77315.43624161075,96.07843137254903,-32.88590604026845,0,0,2.4718586779781617,Fatal: [105365000][UART_TB][FATAL] UART APB wrapper directed test failed
5,115200,500,50.0,8680.555555555555,4340.277777777777,4340.277777777777,13020.833333333332,230400.00000000003,76800.0,100.00000000000004,-33.333333333333336,0,0,2.412423998990562,Fatal: [105365000][UART_TB][FATAL] UART APB wrapper directed test failed
6,230400,0,0.0,4340.277777777777,0.0,4340.277777777777,4340.277777777777,230400.00000000003,230400.00000000003,2.220446049250313e-14,2.220446049250313e-14,1,0,2.5110055429977365,
6,230400,10,1.0,4340.277777777777,43.40277777777777,4296.875,4383.680555555555,232727.27272727274,228118.81188118816,1.0101010101010166,-0.9900990099009688,1,0,2.4582460029632784,
6,230400,20,2.0,4340.277777777777,86.80555555555554,4253.472222222222,4427.083333333333,235102.04081632657,225882.35294117648,2.0408163265306367,-1.9607843137254832,1,0,2.453668385045603,
6,230400,30,3.0,4340.277777777777,130.20833333333331,4210.069444444444,4470.48611111111,237525.7731958763,223689.32038834956,3.0927835051546504,-2.9126213592232775,1,0,2.3918554890551604,
6,230400,40,4.0,4340.277777777777,173.6111111111111,4166.666666666666,4513.888888888889,240000.00000000003,221538.46153846156,4.166666666666674,-3.8461538461538325,1,0,2.445921284961514,
6,230400,50,5.0,4340.277777777777,217.01388888888889,4123.263888888889,4557.291666666666,242526.3157894737,219428.57142857145,5.2631578947368585,-4.761904761904756,1,0,2.37798773299437,
6,230400,60,6.0,4340.277777777777,260.41666666666663,4079.861111111111,4600.694444444444,245106.3829787234,217358.49056603774,6.382978723404253,-5.660377358490565,1,0,2.452167905983515,
6,230400,70,7.0,4340.277777777777,303.81944444444446,4036.458333333333,4644.097222222222,247741.935483871,215327.10280373835,7.526881720430123,-6.542056074766345,1,0,2.3972329499665648,
6,230400,80,8.0,4340.277777777777,347.2222222222222,3993.055555555555,4687.5,250434.78260869568,213333.33333333334,8.69565217391306,-7.4074074074074066,1,0,2.416587103973143,
6,230400,90,9.0,4340.277777777777,390.62499999999994,3949.6527777777774,4730.902777777777,253186.8131868132,211376.14678899085,9.8901098901099,-8.256880733944937,1,0,2.4010590779944323,
6,230400,100,10.0,4340.277777777777,434.02777777777777,3906.2499999999995,4774.305555555555,256000.00000000003,209454.5454545455,11.111111111111116,-9.090909090909072,1,0,2.4605551309650764,
6,230400,110,11.0,4340.277777777777,477.4305555555555,3862.8472222222217,4817.708333333333,258876.40449438206,207567.56756756757,12.35955056179776,-9.909909909909908,1,0,2.3838527419720776,
6,230400,120,12.0,4340.277777777777,520.8333333333333,3819.4444444444443,4861.11111111111,261818.18181818182,205714.28571428574,13.636363636363647,-10.714285714285698,1,0,2.449291947996244,
6,230400,130,13.0,4340.277777777777,564.236111111111,3776.0416666666665,4904.513888888889,264827.5862068966,203893.8053097345,14.942528735632198,-11.504424778761058,1,0,2.372042845003307,
6,230400,140,14.0,4340.277777777777,607.6388888888889,3732.6388888888887,4947.916666666666,267906.9767441861,202105.26315789475,16.279069767441868,-12.280701754385959,1,0,2.465022365038749,
6,230400,150,15.0,4340.277777777777,651.0416666666666,3689.236111111111,4991.319444444444,271058.8235294118,200347.8260869565,17.647058823529438,-13.043478260869568,1,0,2.422116611036472,
6,230400,160,16.0,4340.277777777777,694.4444444444443,3645.833333333333,5034.722222222222,274285.7142857143,198620.68965517243,19.04761904761907,-13.793103448275856,1,0,2.4562632879824378,
6,230400,170,17.0,4340.277777777777,737.8472222222222,3602.430555555555,5078.125,277590.3614457832,196923.07692307694,20.481927710843383,-14.529914529914523,1,0,2.383998747973237,
6,230400,180,18.0,4340.277777777777,781.2499999999999,3559.0277777777774,5121.527777777777,280975.6097560976,195254.2372881356,21.95121951219514,-15.254237288135586,1,0,2.5018525879713707,
6,230400,190,19.0,4340.277777777777,824.6527777777777,3515.6249999999995,5164.930555555555,284444.4444444445,193613.4453781513,23.456790123456805,-15.966386554621836,1,0,2.395189922011923,
6,230400,200,20.0,4340.277777777777,868.0555555555555,3472.2222222222217,5208.333333333333,288000.00000000006,192000.0,25.00000000000002,-16.666666666666664,1,0,2.4009814909659326,
6,230400,210,21.0,4340.277777777777,911.4583333333333,3428.8194444444443,5251.73611111111,291645.56962025317,190413.2231404959,26.582278481012665,-17.355371900826434,1,0,2.378036865964532,
6,230400,220,22.0,4340.277777777777,954.861111111111,3385.4166666666665,5295.138888888889,295384.6153846154,188852.45901639346,28.205128205128194,-18.032786885245887,1,0,2.35736372199608,
6,230400,230,23.0,4340.277777777777,998.2638888888888,3342.0138888888887,5338.541666666666,299220.77922077925,187317.07317073172,29.87012987012989,-18.699186991869908,1,0,2.445863378990907,
6,230400,240,24.0,4340.277777777777,1041.6666666666665,3298.611111111111,5381.944444444443,303157.89473684214,185806.45161290327,31.578947368421062,-19.354838709677402,1,0,2.3834000090137124,
6,230400,250,25.0,4340.277777777777,1085.0694444444443,3255.208333333333,5425.347222222222,307200.0,184320.00000000003,33.33333333333333,-19.999999999999986,1,0,2.468623086984735,
6,230400,260,26.0,4340.277777777777,1128.472222222222,3211.8055555555557,5468.749999999999,311351.35135135136,182857.1428571429,35.13513513513513,-20.63492063492062,1,0,2.4147231389652006,
6,230400,270,27.0,4340.277777777777,1171.875,3168.4027777777774,5512.152777777777,315616.43835616444,181417.3228346457,36.98630136986303,-21.259842519685034,1,0,2.4536723690107465,
6,230400,280,28.0,4340.277777777777,1215.2777777777778,3124.9999999999995,5555.555555555555,320000.00000000006,180000.00000000003,38.88888888888891,-21.87499999999999,1,0,2.389913947961759,
6,230400,290,29.0,4340.277777777777,1258.6805555555554,3081.5972222222217,5598.958333333333,324507.04225352115,178604.65116279072,40.84507042253522,-22.480620155038757,1,0,2.4521742240176536,
6,230400,300,30.0,4340.277777777777,1302.0833333333333,3038.1944444444443,5642.36111111111,329142.85714285716,177230.76923076925,42.85714285714286,-23.076923076923073,1,0,2.4704595470102504,
6,230400,310,31.0,4340.277777777777,1345.486111111111,2994.791666666666,5685.763888888889,333913.0434782609,175877.86259541987,44.927536231884076,-23.664122137404576,1,0,2.3873421230237,
6,230400,320,32.0,4340.277777777777,1388.8888888888887,2951.3888888888887,5729.166666666666,338823.52941176476,174545.45454545456,47.0588235294118,-24.24242424242423,1,0,2.376618026988581,
6,230400,330,33.0,4340.277777777777,1432.2916666666665,2907.986111111111,5772.569444444443,343880.5970149254,173233.08270676696,49.25373134328359,-24.812030075187952,1,0,2.3996377019793727,
6,230400,340,34.0,4340.277777777777,1475.6944444444443,2864.583333333333,5815.972222222222,349090.9090909091,171940.2985074627,51.51515151515154,-25.373134328358205,1,0,2.46146886999486,
6,230400,350,35.0,4340.277777777777,1519.097222222222,2821.1805555555557,5859.374999999999,354461.53846153844,170666.6666666667,53.84615384615383,-25.92592592592592,1,0,2.3600585639942437,
6,230400,360,36.0,4340.277777777777,1562.4999999999998,2777.7777777777774,5902.777777777777,360000.00000000006,169411.76470588238,56.25000000000002,-26.4705882352941,1,0,2.4363731480552815,
6,230400,370,37.0,4340.277777777777,1605.9027777777776,2734.375,5946.180555555555,365714.28571428574,168175.18248175184,58.73015873015874,-27.00729927007299,1,0,2.35819946101401,
6,230400,380,38.0,4340.277777777777,1649.3055555555554,2690.9722222222217,5989.583333333333,371612.90322580654,166956.52173913043,61.290322580645196,-27.536231884057973,1,0,2.4408858910319395,
6,230400,390,39.0,4340.277777777777,1692.7083333333333,2647.5694444444443,6032.98611111111,377704.9180327869,165755.39568345324,63.934426229508226,-28.057553956834525,1,0,2.3497479659854434,
6,230400,400,40.0,4340.277777777777,1736.111111111111,2604.166666666666,6076.388888888889,384000.0000000001,164571.42857142858,66.66666666666671,-28.57142857142857,1,0,2.459867122990545,
6,230400,410,41.0,4340.277777777777,1779.5138888888887,2560.7638888888887,6119.791666666666,390508.4745762712,163404.25531914894,69.49152542372883,-29.078014184397162,1,0,2.3838114170357585,
6,230400,420,42.0,4340.277777777777,1822.9166666666665,2517.361111111111,6163.194444444443,397241.37931034487,162253.52112676058,72.41379310344828,-29.57746478873239,1,0,2.4238005020306446,
6,230400,430,43.0,4340.277777777777,1866.3194444444443,2473.958333333333,6206.597222222222,404210.5263157895,161118.88111888114,75.43859649122808,-30.069930069930063,1,0,2.3743497590185143,
6,230400,440,44.0,4340.277777777777,1909.722222222222,2430.5555555555557,6249.999999999999,411428.5714285714,160000.00000000003,78.57142857142856,-30.555555555555546,1,0,2.450864273007028,
6,230400,450,45.0,4340.277777777777,1953.1249999999998,2387.1527777777774,6293.402777777777,418909.090909091,158896.55172413794,81.81818181818186,-31.034482758620683,0,0,2.4090197119512595,Fatal: [53285000][UART_TB][FATAL] UART APB wrapper directed test failed
6,230400,460,46.0,4340.277777777777,1996.5277777777776,2343.75,6336.805555555555,426666.6666666667,157808.21917808222,85.18518518518519,-31.506849315068486,0,0,2.4152079520281404,Fatal: [53285000][UART_TB][FATAL] UART APB wrapper directed test failed
6,230400,470,47.0,4340.277777777777,2039.9305555555552,2300.347222222222,6380.208333333332,434716.9811320755,156734.69387755106,88.67924528301887,-31.97278911564624,0,0,2.340816530981101,Fatal: [53285000][UART_TB][FATAL] UART APB wrapper directed test failed
6,230400,480,48.0,4340.277777777777,2083.333333333333,2256.9444444444443,6423.61111111111,443076.9230769231,155675.67567567568,92.30769230769234,-32.432432432432435,0,0,2.4299631899921224,Fatal: [53285000][UART_TB][FATAL] UART APB wrapper directed test failed
6,230400,490,49.0,4340.277777777777,2126.736111111111,2213.5416666666665,6467.013888888889,451764.70588235295,154630.8724832215,96.07843137254903,-32.88590604026845,0,0,2.3667659030179493,Fatal: [53285000][UART_TB][FATAL] UART APB wrapper directed test failed
6,230400,500,50.0,4340.277777777777,2170.1388888888887,2170.1388888888887,6510.416666666666,460800.00000000006,153600.0,100.00000000000004,-33.333333333333336,0,0,2.44291511294432,Fatal: [53285000][UART_TB][FATAL] UART APB wrapper directed test failed
7,460800,0,0.0,2170.1388888888887,0.0,2170.1388888888887,2170.1388888888887,460800.00000000006,460800.00000000006,2.220446049250313e-14,2.220446049250313e-14,1,0,2.393969646014739,
7,460800,10,1.0,2170.1388888888887,21.701388888888886,2148.4375,2191.8402777777774,465454.54545454547,456237.6237623763,1.0101010101010166,-0.9900990099009688,1,0,2.430974574992433,
7,460800,20,2.0,2170.1388888888887,43.40277777777777,2126.736111111111,2213.5416666666665,470204.08163265313,451764.70588235295,2.0408163265306367,-1.9607843137254832,1,0,2.4037351910374127,
7,460800,30,3.0,2170.1388888888887,65.10416666666666,2105.034722222222,2235.243055555555,475051.5463917526,447378.6407766991,3.0927835051546504,-2.9126213592232775,1,0,2.356642560043838,
7,460800,40,4.0,2170.1388888888887,86.80555555555554,2083.333333333333,2256.9444444444443,480000.00000000006,443076.9230769231,4.166666666666674,-3.8461538461538325,1,0,2.3641648259945214,
7,460800,50,5.0,2170.1388888888887,108.50694444444444,2061.6319444444443,2278.645833333333,485052.6315789474,438857.1428571429,5.2631578947368585,-4.761904761904756,1,0,2.374631299986504,
7,460800,60,6.0,2170.1388888888887,130.20833333333331,2039.9305555555554,2300.347222222222,490212.7659574468,434716.9811320755,6.382978723404253,-5.660377358490565,1,0,2.4974838469643146,
7,460800,70,7.0,2170.1388888888887,151.90972222222223,2018.2291666666665,2322.048611111111,495483.870967742,430654.2056074767,7.526881720430123,-6.542056074766345,1,0,2.6070597660145722,
7,460800,80,8.0,2170.1388888888887,173.6111111111111,1996.5277777777776,2343.75,500869.56521739135,426666.6666666667,8.69565217391306,-7.4074074074074066,1,0,2.5152427009888925,
7,460800,90,9.0,2170.1388888888887,195.31249999999997,1974.8263888888887,2365.4513888888887,506373.6263736264,422752.2935779817,9.8901098901099,-8.256880733944937,1,0,2.4101283599738963,
7,460800,100,10.0,2170.1388888888887,217.01388888888889,1953.1249999999998,2387.1527777777774,512000.00000000006,418909.090909091,11.111111111111116,-9.090909090909072,1,0,2.444604624004569,
7,460800,110,11.0,2170.1388888888887,238.71527777777774,1931.4236111111109,2408.8541666666665,517752.8089887641,415135.13513513515,12.35955056179776,-9.909909909909908,1,0,2.4353609340032563,
7,460800,120,12.0,2170.1388888888887,260.41666666666663,1909.7222222222222,2430.555555555555,523636.36363636365,411428.5714285715,13.636363636363647,-10.714285714285698,1,0,2.534974239009898,
7,460800,130,13.0,2170.1388888888887,282.1180555555555,1888.0208333333333,2452.2569444444443,529655.1724137932,407787.610619469,14.942528735632198,-11.504424778761058,1,0,2.69803435401991,
7,460800,140,14.0,2170.1388888888887,303.81944444444446,1866.3194444444443,2473.958333333333,535813.9534883721,404210.5263157895,16.279069767441868,-12.280701754385959,1,0,2.51470702100778,
7,460800,150,15.0,2170.1388888888887,325.5208333333333,1844.6180555555554,2495.659722222222,542117.6470588236,400695.652173913,17.647058823529438,-13.043478260869568,1,0,2.418876076990273,
7,460800,160,16.0,2170.1388888888887,347.2222222222222,1822.9166666666665,2517.361111111111,548571.4285714286,397241.37931034487,19.04761904761907,-13.793103448275856,1,0,2.426517006009817,
7,460800,170,17.0,2170.1388888888887,368.9236111111111,1801.2152777777776,2539.0625,555180.7228915663,393846.1538461539,20.481927710843383,-14.529914529914523,1,0,2.400184934027493,
7,460800,180,18.0,2170.1388888888887,390.62499999999994,1779.5138888888887,2560.7638888888887,561951.2195121952,390508.4745762712,21.95121951219514,-15.254237288135586,1,0,2.4578229369944893,
7,460800,190,19.0,2170.1388888888887,412.32638888888886,1757.8124999999998,2582.4652777777774,568888.888888889,387226.8907563026,23.456790123456805,-15.966386554621836,1,0,2.4182143470388837,
7,460800,200,20.0,2170.1388888888887,434.02777777777777,1736.1111111111109,2604.1666666666665,576000.0000000001,384000.0,25.00000000000002,-16.666666666666664,1,0,2.4522211920120753,
7,460800,210,21.0,2170.1388888888887,455.72916666666663,1714.4097222222222,2625.868055555555,583291.1392405063,380826.4462809918,26.582278481012665,-17.355371900826434,1,0,2.4126113789970987,
7,460800,220,22.0,2170.1388888888887,477.4305555555555,1692.7083333333333,2647.5694444444443,590769.2307692308,377704.9180327869,28.205128205128194,-18.032786885245887,1,0,2.5329435219755396,
7,460800,230,23.0,2170.1388888888887,499.1319444444444,1671.0069444444443,2669.270833333333,598441.5584415585,374634.14634146343,29.87012987012989,-18.699186991869908,1,0,2.3989149130065925,
7,460800,240,24.0,2170.1388888888887,520.8333333333333,1649.3055555555554,2690.9722222222217,606315.7894736843,371612.90322580654,31.578947368421062,-19.354838709677402,1,0,2.4735340530169196,
7,460800,250,25.0,2170.1388888888887,542.5347222222222,1627.6041666666665,2712.673611111111,614400.0,368640.00000000006,33.33333333333333,-19.999999999999986,1,0,2.3804610940278508,
7,460800,260,26.0,2170.1388888888887,564.236111111111,1605.9027777777778,2734.3749999999995,622702.7027027027,365714.2857142858,35.13513513513513,-20.63492063492062,1,0,2.449799502035603,
7,460800,270,27.0,2170.1388888888887,585.9375,1584.2013888888887,2756.0763888888887,631232.8767123289,362834.6456692914,36.98630136986303,-21.259842519685034,1,0,2.364488844992593,
7,460800,280,28.0,2170.1388888888887,607.6388888888889,1562.4999999999998,2777.7777777777774,640000.0000000001,360000.00000000006,38.88888888888891,-21.87499999999999,1,0,2.447236869018525,
7,460800,290,29.0,2170.1388888888887,629.3402777777777,1540.7986111111109,2799.4791666666665,649014.0845070423,357209.30232558143,40.84507042253522,-22.480620155038757,1,0,2.4095836029737256,
7,460800,300,30.0,2170.1388888888887,651.0416666666666,1519.0972222222222,2821.180555555555,658285.7142857143,354461.5384615385,42.85714285714286,-23.076923076923073,1,0,2.478449328977149,
7,460800,310,31.0,2170.1388888888887,672.7430555555555,1497.395833333333,2842.8819444444443,667826.0869565218,351755.72519083973,44.927536231884076,-23.664122137404576,1,0,2.3972201769938692,
7,460800,320,32.0,2170.1388888888887,694.4444444444443,1475.6944444444443,2864.583333333333,677647.0588235295,349090.9090909091,47.0588235294118,-24.24242424242423,1,0,2.4753356609726325,
7,460800,330,33.0,2170.1388888888887,716.1458333333333,1453.9930555555554,2886.2847222222217,687761.1940298508,346466.1654135339,49.25373134328359,-24.812030075187952,1,0,2.4393515340052545,
7,460800,340,34.0,2170.1388888888887,737.8472222222222,1432.2916666666665,2907.986111111111,698181.8181818182,343880.5970149254,51.51515151515154,-25.373134328358205,1,0,2.5111454279976897,
7,460800,350,35.0,2170.1388888888887,759.548611111111,1410.5902777777778,2929.6874999999995,708923.0769230769,341333.3333333334,53.84615384615383,-25.92592592592592,1,0,2.3846855639712885,
7,460800,360,36.0,2170.1388888888887,781.2499999999999,1388.8888888888887,2951.3888888888887,720000.0000000001,338823.52941176476,56.25000000000002,-26.4705882352941,1,0,2.4459381429478526,
7,460800,370,37.0,2170.1388888888887,802.9513888888888,1367.1875,2973.0902777777774,731428.5714285715,336350.36496350367,58.73015873015874,-27.00729927007299,1,0,2.3710285869892687,
7,460800,380,38.0,2170.1388888888887,824.6527777777777,1345.4861111111109,2994.7916666666665,743225.8064516131,333913.04347826086,61.290322580645196,-27.536231884057973,1,0,2.4362904979498126,
7,460800,390,39.0,2170.1388888888887,846.3541666666666,1323.7847222222222,3016.493055555555,755409.8360655739,331510.7913669065,63.934426229508226,-28.057553956834525,1,0,2.335383230005391,
7,460800,400,40.0,2170.1388888888887,868.0555555555555,1302.083333333333,3038.1944444444443,768000.0000000002,329142.85714285716,66.66666666666671,-28.57142857142857,1,0,2.389492885034997,
7,460800,410,41.0,2170.1388888888887,889.7569444444443,1280.3819444444443,3059.895833333333,781016.9491525424,326808.5106382979,69.49152542372883,-29.078014184397162,1,0,2.366829962003976,
7,460800,420,42.0,2170.1388888888887,911.4583333333333,1258.6805555555554,3081.5972222222217,794482.7586206897,324507.04225352115,72.41379310344828,-29.57746478873239,1,0,2.4496248249779455,
7,460800,430,43.0,2170.1388888888887,933.1597222222222,1236.9791666666665,3103.298611111111,808421.052631579,322237.7622377623,75.43859649122808,-30.069930069930063,1,0,2.3855161859537475,
7,460800,440,44.0,2170.1388888888887,954.861111111111,1215.2777777777778,3124.9999999999995,822857.1428571428,320000.00000000006,78.57142857142856,-30.555555555555546,1,0,2.4475183300091885,
7,460800,450,45.0,2170.1388888888887,976.5624999999999,1193.5763888888887,3146.7013888888887,837818.181818182,317793.1034482759,81.81818181818186,-31.034482758620683,1,0,2.4015656789997593,
7,460800,460,46.0,2170.1388888888887,998.2638888888888,1171.875,3168.4027777777774,853333.3333333334,315616.43835616444,85.18518518518519,-31.506849315068486,1,0,2.515448991965968,
7,460800,470,47.0,2170.1388888888887,1019.9652777777776,1150.173611111111,3190.104166666666,869433.962264151,313469.3877551021,88.67924528301887,-31.97278911564624,0,0,2.4290835150168277,Fatal: [27245000][UART_TB][FATAL] UART APB wrapper directed test failed
7,460800,480,48.0,2170.1388888888887,1041.6666666666665,1128.4722222222222,3211.805555555555,886153.8461538462,311351.35135135136,92.30769230769234,-32.432432432432435,0,0,2.456873820978217,Fatal: [27245000][UART_TB][FATAL] UART APB wrapper directed test failed
7,460800,490,49.0,2170.1388888888887,1063.3680555555554,1106.7708333333333,3233.5069444444443,903529.4117647059,309261.744966443,96.07843137254903,-32.88590604026845,0,0,2.356706320948433,Fatal: [27245000][UART_TB][FATAL] UART APB wrapper directed test failed
7,460800,500,50.0,2170.1388888888887,1085.0694444444443,1085.0694444444443,3255.208333333333,921600.0000000001,307200.0,100.00000000000004,-33.333333333333336,0,0,2.4565273180487566,Fatal: [27245000][UART_TB][FATAL] UART APB wrapper directed test failed
8,921600,0,0.0,1085.0694444444443,0.0,1085.0694444444443,1085.0694444444443,921600.0000000001,921600.0000000001,2.220446049250313e-14,2.220446049250313e-14,1,0,2.3456183570087887,
8,921600,10,1.0,1085.0694444444443,10.850694444444443,1074.21875,1095.9201388888887,930909.0909090909,912475.2475247526,1.0101010101010166,-0.9900990099009688,1,0,2.4094858239986934,
8,921600,20,2.0,1085.0694444444443,21.701388888888886,1063.3680555555554,1106.7708333333333,940408.1632653063,903529.4117647059,2.0408163265306367,-1.9607843137254832,1,0,2.3368054410093464,
8,921600,30,3.0,1085.0694444444443,32.55208333333333,1052.517361111111,1117.6215277777776,950103.0927835052,894757.2815533982,3.0927835051546504,-2.9126213592232775,1,0,2.3974474940332584,
8,921600,40,4.0,1085.0694444444443,43.40277777777777,1041.6666666666665,1128.4722222222222,960000.0000000001,886153.8461538462,4.166666666666674,-3.8461538461538325,1,0,2.3910279190167785,
8,921600,50,5.0,1085.0694444444443,54.25347222222222,1030.8159722222222,1139.3229166666665,970105.2631578948,877714.2857142858,5.2631578947368585,-4.761904761904756,1,0,2.456708603014704,
8,921600,60,6.0,1085.0694444444443,65.10416666666666,1019.9652777777777,1150.173611111111,980425.5319148937,869433.962264151,6.382978723404253,-5.660377358490565,1,0,2.3727734989952296,
8,921600,70,7.0,1085.0694444444443,75.95486111111111,1009.1145833333333,1161.0243055555554,990967.741935484,861308.4112149534,7.526881720430123,-6.542056074766345,1,0,2.44268631702289,
8,921600,80,8.0,1085.0694444444443,86.80555555555554,998.2638888888888,1171.875,1001739.1304347827,853333.3333333334,8.69565217391306,-7.4074074074074066,1,0,2.471742588968482,
8,921600,90,9.0,1085.0694444444443,97.65624999999999,987.4131944444443,1182.7256944444443,1012747.2527472528,845504.5871559634,9.8901098901099,-8.256880733944937,1,0,2.5304258939577267,
8,921600,100,10.0,1085.0694444444443,108.50694444444444,976.5624999999999,1193.5763888888887,1024000.0000000001,837818.181818182,11.111111111111116,-9.090909090909072,1,0,2.383604025002569,
8,921600,110,11.0,1085.0694444444443,119.35763888888887,965.7118055555554,1204.4270833333333,1035505.6179775283,830270.2702702703,12.35955056179776,-9.909909909909908,1,0,2.430952985014301,
8,921600,120,12.0,1085.0694444444443,130.20833333333331,954.8611111111111,1215.2777777777776,1047272.7272727273,822857.142857143,13.636363636363647,-10.714285714285698,1,0,2.350354573049117,
8,921600,130,13.0,1085.0694444444443,141.05902777777774,944.0104166666666,1226.1284722222222,1059310.3448275863,815575.221238938,14.942528735632198,-11.504424778761058,1,0,2.4438960880506784,
8,921600,140,14.0,1085.0694444444443,151.90972222222223,933.1597222222222,1236.9791666666665,1071627.9069767443,808421.052631579,16.279069767441868,-12.280701754385959,1,0,2.389903495030012,
8,921600,150,15.0,1085.0694444444443,162.76041666666666,922.3090277777777,1247.829861111111,1084235.2941176472,801391.304347826,17.647058823529438,-13.043478260869568,1,0,2.4294121689745225,
8,921600,160,16.0,1085.0694444444443,173.6111111111111,911.4583333333333,1258.6805555555554,1097142.8571428573,794482.7586206897,19.04761904761907,-13.793103448275856,1,0,2.378686629992444,
8,921600,170,17.0,1085.0694444444443,184.46180555555554,900.6076388888888,1269.53125,1110361.4457831327,787692.3076923077,20.481927710843383,-14.529914529914523,1,0,2.436453587957658,
8,921600,180,18.0,1085.0694444444443,195.31249999999997,889.7569444444443,1280.3819444444443,1123902.4390243904,781016.9491525424,21.95121951219514,-15.254237288135586,1,0,2.3732121500070207,
8,921600,190,19.0,1085.0694444444443,206.16319444444443,878.9062499999999,1291.2326388888887,1137777.777777778,774453.7815126051,23.456790123456805,-15.966386554621836,1,0,2.4538916360470466,
8,921600,200,20.0,1085.0694444444443,217.01388888888889,868.0555555555554,1302.0833333333333,1152000.0000000002,768000.0,25.00000000000002,-16.666666666666664,1,0,2.3702603300334886,
8,921600,210,21.0,1085.0694444444443,227.86458333333331,857.2048611111111,1312.9340277777776,1166582.2784810127,761652.8925619835,26.582278481012665,-17.355371900826434,1,0,2.486571774003096,
8,921600,220,22.0,1085.0694444444443,238.71527777777774,846.3541666666666,1323.7847222222222,1181538.4615384615,755409.8360655739,28.205128205128194,-18.032786885245887,1,0,2.445717384980526,
8,921600,230,23.0,1085.0694444444443,249.5659722222222,835.5034722222222,1334.6354166666665,1196883.116883117,749268.2926829269,29.87012987012989,-18.699186991869908,1,0,2.4495209630113095,
8,921600,240,24.0,1085.0694444444443,260.41666666666663,824.6527777777777,1345.4861111111109,1212631.5789473685,743225.8064516131,31.578947368421062,-19.354838709677402,1,0,2.3593642320483923,
8,921600,250,25.0,1085.0694444444443,271.2673611111111,813.8020833333333,1356.3368055555554,1228800.0,737280.0000000001,33.33333333333333,-19.999999999999986,1,0,2.392907734028995,
8,921600,260,26.0,1085.0694444444443,282.1180555555555,802.9513888888889,1367.1874999999998,1245405.4054054054,731428.5714285716,35.13513513513513,-20.63492063492062,1,0,2.3284205780364573,
8,921600,270,27.0,1085.0694444444443,292.96875,792.1006944444443,1378.0381944444443,1262465.7534246577,725669.2913385828,36.98630136986303,-21.259842519685034,1,0,2.462581579980906,
8,921600,280,28.0,1085.0694444444443,303.81944444444446,781.2499999999999,1388.8888888888887,1280000.0000000002,720000.0000000001,38.88888888888891,-21.87499999999999,1,0,2.353848530969117,
8,921600,290,29.0,1085.0694444444443,314.67013888888886,770.3993055555554,1399.7395833333333,1298028.1690140846,714418.6046511629,40.84507042253522,-22.480620155038757,1,0,2.431466296024155,
8,921600,300,30.0,1085.0694444444443,325.5208333333333,759.5486111111111,1410.5902777777776,1316571.4285714286,708923.076923077,42.85714285714286,-23.076923076923073,1,0,2.3684009549906477,
8,921600,310,31.0,1085.0694444444443,336.37152777777777,748.6979166666665,1421.4409722222222,1335652.1739130437,703511.4503816795,44.927536231884076,-23.664122137404576,1,0,2.451459137024358,
8,921600,320,32.0,1085.0694444444443,347.2222222222222,737.8472222222222,1432.2916666666665,1355294.117647059,698181.8181818182,47.0588235294118,-24.24242424242423,1,0,2.3790931339608505,
8,921600,330,33.0,1085.0694444444443,358.07291666666663,726.9965277777777,1443.1423611111109,1375522.3880597015,692932.3308270678,49.25373134328359,-24.812030075187952,1,0,2.43836096895393,
8,921600,340,34.0,1085.0694444444443,368.9236111111111,716.1458333333333,1453.9930555555554,1396363.6363636365,687761.1940298508,51.51515151515154,-25.373134328358205,1,0,2.4158414700068533,
8,921600,350,35.0,1085.0694444444443,379.7743055555555,705.2951388888889,1464.8437499999998,1417846.1538461538,682666.6666666667,53.84615384615383,-25.92592592592592,1,0,2.518839174997993,
8,921600,360,36.0,1085.0694444444443,390.62499999999994,694.4444444444443,1475.6944444444443,1440000.0000000002,677647.0588235295,56.25000000000002,-26.4705882352941,1,0,2.4080706179956906,
8,921600,370,37.0,1085.0694444444443,401.4756944444444,683.59375,1486.5451388888887,1462857.142857143,672700.7299270073,58.73015873015874,-27.00729927007299,1,0,2.4290079979691654,
8,921600,380,38.0,1085.0694444444443,412.32638888888886,672.7430555555554,1497.3958333333333,1486451.6129032262,667826.0869565217,61.290322580645196,-27.536231884057973,1,0,2.3412525950116105,
8,921600,390,39.0,1085.0694444444443,423.1770833333333,661.8923611111111,1508.2465277777776,1510819.6721311477,663021.582733813,63.934426229508226,-28.057553956834525,1,0,2.388233012985438,
8,921600,400,40.0,1085.0694444444443,434.02777777777777,651.0416666666665,1519.0972222222222,1536000.0000000005,658285.7142857143,66.66666666666671,-28.57142857142857,1,0,2.388645947969053,
8,921600,410,41.0,1085.0694444444443,444.8784722222222,640.1909722222222,1529.9479166666665,1562033.8983050848,653617.0212765958,69.49152542372883,-29.078014184397162,1,0,2.453140073979739,
8,921600,420,42.0,1085.0694444444443,455.72916666666663,629.3402777777777,1540.7986111111109,1588965.5172413795,649014.0845070423,72.41379310344828,-29.57746478873239,1,0,2.368486018036492,
8,921600,430,43.0,1085.0694444444443,466.5798611111111,618.4895833333333,1551.6493055555554,1616842.105263158,644475.5244755246,75.43859649122808,-30.069930069930063,1,0,2.450084798038006,
8,921600,440,44.0,1085.0694444444443,477.4305555555555,607.6388888888889,1562.4999999999998,1645714.2857142857,640000.0000000001,78.57142857142856,-30.555555555555546,1,0,2.376112452999223,
8,921600,450,45.0,1085.0694444444443,488.28124999999994,596.7881944444443,1573.3506944444443,1675636.363636364,635586.2068965518,81.81818181818186,-31.034482758620683,1,0,2.4457280979841016,
8,921600,460,46.0,1085.0694444444443,499.1319444444444,585.9375,1584.2013888888887,1706666.6666666667,631232.8767123289,85.18518518518519,-31.506849315068486,1,0,2.3638144990545698,
8,921600,470,47.0,1085.0694444444443,509.9826388888888,575.0868055555555,1595.052083333333,1738867.924528302,626938.7755102043,88.67924528301887,-31.97278911564624,1,0,2.448859899013769,
8,921600,480,48.0,1085.0694444444443,520.8333333333333,564.2361111111111,1605.9027777777776,1772307.6923076925,622702.7027027027,92.30769230769234,-32.432432432432435,1,0,2.4797359800431877,
8,921600,490,49.0,1085.0694444444443,531.6840277777777,553.3854166666666,1616.7534722222222,1807058.8235294118,618523.489932886,96.07843137254903,-32.88590604026845,0,0,2.4814921710058115,Fatal: [14225000][UART_TB][FATAL] UART APB wrapper directed test failed
8,921600,500,50.0,1085.0694444444443,542.5347222222222,542.5347222222222,1627.6041666666665,1843200.0000000002,614400.0,100.00000000000004,-33.333333333333336,0,0,2.372403201996349,Fatal: [14225000][UART_TB][FATAL] UART APB wrapper directed test failed
